ISO-10303-21;
HEADER;
FILE_DESCRIPTION(('FreeCAD Model'),'2;1');
FILE_NAME('Open CASCADE Shape Model','2026-09-27T15:25:17',(''),(''),
  'Open CASCADE STEP processor 7.8','FreeCAD','Unknown');
FILE_SCHEMA(('AUTOMOTIVE_DESIGN { 1 0 10303 214 1 1 1 1 }'));
ENDSEC;
DATA;
#1 = APPLICATION_PROTOCOL_DEFINITION('international standard',
  'automotive_design',2000,#2);
#2 = APPLICATION_CONTEXT(
  'core data for automotive mechanical design processes');
#3 = SHAPE_DEFINITION_REPRESENTATION(#4,#10);
#4 = PRODUCT_DEFINITION_SHAPE('','',#5);
#5 = PRODUCT_DEFINITION('design','',#6,#9);
#6 = PRODUCT_DEFINITION_FORMATION('','',#7);
#7 = PRODUCT('scaled-to-25mm','scaled-to-25mm','',(#8));
#8 = PRODUCT_CONTEXT('',#2,'mechanical');
#9 = PRODUCT_DEFINITION_CONTEXT('part definition',#2,'design');
#10 = ADVANCED_BREP_SHAPE_REPRESENTATION('',(#11,#15),#3137);
#11 = AXIS2_PLACEMENT_3D('',#12,#13,#14);
#12 = CARTESIAN_POINT('',(0.,0.,0.));
#13 = DIRECTION('',(0.,0.,1.));
#14 = DIRECTION('',(1.,0.,-0.));
#15 = MANIFOLD_SOLID_BREP('',#16);
#16 = CLOSED_SHELL('',(#17,#57,#150,#206,#283,#332,#356,#381,#398,#427,
    #450,#473,#490,#514,#569,#586,#795,#852,#884,#941,#972,#997,#1022,
    #1039,#1051,#1060,#1092,#1116,#1141,#1158,#1176,#1201,#1226,#1251,
    #1283,#1307,#1332,#1349,#1379,#1402,#1425,#1443,#1474,#1499,#1524,
    #1548,#1572,#1597,#1622,#1639,#1657,#1675,#1923,#1947,#2188,#2208,
    #2225,#2237,#2249,#2258,#2267,#2276,#2322,#2334,#2386,#2403,#2420,
    #2437,#2454,#2471,#2488,#2505,#2522,#2539,#2556,#2573,#2590,#2607,
    #2624,#2641,#2658,#2675,#2692,#2709,#2726,#2743,#2760,#2777,#2794,
    #2811,#2828,#2840,#2865,#2896,#2920,#2944,#2961,#2993,#3017,#3042,
    #3059,#3079,#3091,#3103,#3128));
#17 = ADVANCED_FACE('',(#18),#52,.F.);
#18 = FACE_BOUND('',#19,.F.);
#19 = EDGE_LOOP('',(#20,#30,#38,#46));
#20 = ORIENTED_EDGE('',*,*,#21,.T.);
#21 = EDGE_CURVE('',#22,#24,#26,.T.);
#22 = VERTEX_POINT('',#23);
#23 = CARTESIAN_POINT('',(12.5,-43.75,-1.25E-14));
#24 = VERTEX_POINT('',#25);
#25 = CARTESIAN_POINT('',(-12.5,-43.75,-1.5E-14));
#26 = LINE('',#27,#28);
#27 = CARTESIAN_POINT('',(12.5,-43.75,-1.42108547152E-14));
#28 = VECTOR('',#29,1.);
#29 = DIRECTION('',(-1.,0.,0.));
#30 = ORIENTED_EDGE('',*,*,#31,.T.);
#31 = EDGE_CURVE('',#24,#32,#34,.T.);
#32 = VERTEX_POINT('',#33);
#33 = CARTESIAN_POINT('',(-12.5,-62.5,2.75E-14));
#34 = LINE('',#35,#36);
#35 = CARTESIAN_POINT('',(-12.5,0.,0.));
#36 = VECTOR('',#37,1.);
#37 = DIRECTION('',(0.,-1.,4.4E-16));
#38 = ORIENTED_EDGE('',*,*,#39,.T.);
#39 = EDGE_CURVE('',#32,#40,#42,.T.);
#40 = VERTEX_POINT('',#41);
#41 = CARTESIAN_POINT('',(12.5,-62.5,2.75E-14));
#42 = LINE('',#43,#44);
#43 = CARTESIAN_POINT('',(-12.5,-62.5,2.75E-14));
#44 = VECTOR('',#45,1.);
#45 = DIRECTION('',(1.,0.,0.));
#46 = ORIENTED_EDGE('',*,*,#47,.F.);
#47 = EDGE_CURVE('',#22,#40,#48,.T.);
#48 = LINE('',#49,#50);
#49 = CARTESIAN_POINT('',(12.5,0.,0.));
#50 = VECTOR('',#51,1.);
#51 = DIRECTION('',(0.,-1.,4.4E-16));
#52 = PLANE('',#53);
#53 = AXIS2_PLACEMENT_3D('',#54,#55,#56);
#54 = CARTESIAN_POINT('',(-12.5,0.,0.));
#55 = DIRECTION('',(0.,4.4E-16,1.));
#56 = DIRECTION('',(1.,0.,0.));
#57 = ADVANCED_FACE('',(#58,#100,#134),#145,.F.);
#58 = FACE_BOUND('',#59,.F.);
#59 = EDGE_LOOP('',(#60,#68,#76,#85,#93,#99));
#60 = ORIENTED_EDGE('',*,*,#61,.F.);
#61 = EDGE_CURVE('',#62,#22,#64,.T.);
#62 = VERTEX_POINT('',#63);
#63 = CARTESIAN_POINT('',(12.5,-43.75,-12.5));
#64 = LINE('',#65,#66);
#65 = CARTESIAN_POINT('',(12.5,-43.75,-12.5));
#66 = VECTOR('',#67,1.);
#67 = DIRECTION('',(0.,2.2E-16,1.));
#68 = ORIENTED_EDGE('',*,*,#69,.T.);
#69 = EDGE_CURVE('',#62,#70,#72,.T.);
#70 = VERTEX_POINT('',#71);
#71 = CARTESIAN_POINT('',(11.875,-43.75,-12.5));
#72 = LINE('',#73,#74);
#73 = CARTESIAN_POINT('',(12.5,-43.75,-12.5));
#74 = VECTOR('',#75,1.);
#75 = DIRECTION('',(-1.,0.,0.));
#76 = ORIENTED_EDGE('',*,*,#77,.F.);
#77 = EDGE_CURVE('',#78,#70,#80,.T.);
#78 = VERTEX_POINT('',#79);
#79 = CARTESIAN_POINT('',(-11.875,-43.75,-12.5));
#80 = CIRCLE('',#81,11.875);
#81 = AXIS2_PLACEMENT_3D('',#82,#83,#84);
#82 = CARTESIAN_POINT('',(0.,-43.75,-12.5));
#83 = DIRECTION('',(0.,-1.,2.2E-16));
#84 = DIRECTION('',(-1.,0.,0.));
#85 = ORIENTED_EDGE('',*,*,#86,.F.);
#86 = EDGE_CURVE('',#87,#78,#89,.T.);
#87 = VERTEX_POINT('',#88);
#88 = CARTESIAN_POINT('',(-12.5,-43.75,-12.5));
#89 = LINE('',#90,#91);
#90 = CARTESIAN_POINT('',(-12.5,-43.75,-12.5));
#91 = VECTOR('',#92,1.);
#92 = DIRECTION('',(1.,0.,0.));
#93 = ORIENTED_EDGE('',*,*,#94,.F.);
#94 = EDGE_CURVE('',#24,#87,#95,.T.);
#95 = LINE('',#96,#97);
#96 = CARTESIAN_POINT('',(-12.5,-43.75,-1.42108547152E-14));
#97 = VECTOR('',#98,1.);
#98 = DIRECTION('',(0.,-2.2E-16,-1.));
#99 = ORIENTED_EDGE('',*,*,#21,.F.);
#100 = FACE_BOUND('',#101,.F.);
#101 = EDGE_LOOP('',(#102,#112,#120,#128));
#102 = ORIENTED_EDGE('',*,*,#103,.T.);
#103 = EDGE_CURVE('',#104,#106,#108,.T.);
#104 = VERTEX_POINT('',#105);
#105 = CARTESIAN_POINT('',(8.75,-43.75,-5.625));
#106 = VERTEX_POINT('',#107);
#107 = CARTESIAN_POINT('',(8.75,-43.75,-3.125));
#108 = LINE('',#109,#110);
#109 = CARTESIAN_POINT('',(8.75,-43.75,-5.625));
#110 = VECTOR('',#111,1.);
#111 = DIRECTION('',(0.,2.2E-16,1.));
#112 = ORIENTED_EDGE('',*,*,#113,.T.);
#113 = EDGE_CURVE('',#106,#114,#116,.T.);
#114 = VERTEX_POINT('',#115);
#115 = CARTESIAN_POINT('',(-8.75,-43.75,-3.125));
#116 = LINE('',#117,#118);
#117 = CARTESIAN_POINT('',(8.75,-43.75,-3.125));
#118 = VECTOR('',#119,1.);
#119 = DIRECTION('',(-1.,0.,0.));
#120 = ORIENTED_EDGE('',*,*,#121,.T.);
#121 = EDGE_CURVE('',#114,#122,#124,.T.);
#122 = VERTEX_POINT('',#123);
#123 = CARTESIAN_POINT('',(-8.75,-43.75,-5.625));
#124 = LINE('',#125,#126);
#125 = CARTESIAN_POINT('',(-8.75,-43.75,-3.125));
#126 = VECTOR('',#127,1.);
#127 = DIRECTION('',(0.,-2.2E-16,-1.));
#128 = ORIENTED_EDGE('',*,*,#129,.T.);
#129 = EDGE_CURVE('',#122,#104,#130,.T.);
#130 = LINE('',#131,#132);
#131 = CARTESIAN_POINT('',(-8.75,-43.75,-5.625));
#132 = VECTOR('',#133,1.);
#133 = DIRECTION('',(1.,0.,0.));
#134 = FACE_BOUND('',#135,.F.);
#135 = EDGE_LOOP('',(#136));
#136 = ORIENTED_EDGE('',*,*,#137,.T.);
#137 = EDGE_CURVE('',#138,#138,#140,.T.);
#138 = VERTEX_POINT('',#139);
#139 = CARTESIAN_POINT('',(-5.,-43.75,-12.5));
#140 = CIRCLE('',#141,5.);
#141 = AXIS2_PLACEMENT_3D('',#142,#143,#144);
#142 = CARTESIAN_POINT('',(0.,-43.75,-12.5));
#143 = DIRECTION('',(0.,-1.,2.2E-16));
#144 = DIRECTION('',(-1.,0.,0.));
#145 = PLANE('',#146);
#146 = AXIS2_PLACEMENT_3D('',#147,#148,#149);
#147 = CARTESIAN_POINT('',(-2.5E-16,-43.75,-9.915783909768));
#148 = DIRECTION('',(0.,1.,-2.2E-16));
#149 = DIRECTION('',(0.,-2.2E-16,-1.));
#150 = ADVANCED_FACE('',(#151),#201,.T.);
#151 = FACE_BOUND('',#152,.T.);
#152 = EDGE_LOOP('',(#153,#154,#155,#163,#171,#179,#187,#195));
#153 = ORIENTED_EDGE('',*,*,#47,.F.);
#154 = ORIENTED_EDGE('',*,*,#61,.F.);
#155 = ORIENTED_EDGE('',*,*,#156,.F.);
#156 = EDGE_CURVE('',#157,#62,#159,.T.);
#157 = VERTEX_POINT('',#158);
#158 = CARTESIAN_POINT('',(12.5,18.75,-12.5));
#159 = LINE('',#160,#161);
#160 = CARTESIAN_POINT('',(12.5,18.75,-12.5));
#161 = VECTOR('',#162,1.);
#162 = DIRECTION('',(0.,-1.,-2.2E-16));
#163 = ORIENTED_EDGE('',*,*,#164,.T.);
#164 = EDGE_CURVE('',#157,#165,#167,.T.);
#165 = VERTEX_POINT('',#166);
#166 = CARTESIAN_POINT('',(12.5,18.75,0.));
#167 = LINE('',#168,#169);
#168 = CARTESIAN_POINT('',(12.5,18.75,-12.5));
#169 = VECTOR('',#170,1.);
#170 = DIRECTION('',(0.,2.2E-16,1.));
#171 = ORIENTED_EDGE('',*,*,#172,.T.);
#172 = EDGE_CURVE('',#165,#173,#175,.T.);
#173 = VERTEX_POINT('',#174);
#174 = CARTESIAN_POINT('',(12.5,0.,0.));
#175 = LINE('',#176,#177);
#176 = CARTESIAN_POINT('',(12.5,18.75,0.));
#177 = VECTOR('',#178,1.);
#178 = DIRECTION('',(0.,-1.,-2.2E-16));
#179 = ORIENTED_EDGE('',*,*,#180,.T.);
#180 = EDGE_CURVE('',#173,#181,#183,.T.);
#181 = VERTEX_POINT('',#182);
#182 = CARTESIAN_POINT('',(12.5,0.,12.5));
#183 = LINE('',#184,#185);
#184 = CARTESIAN_POINT('',(12.5,0.,0.));
#185 = VECTOR('',#186,1.);
#186 = DIRECTION('',(0.,0.,1.));
#187 = ORIENTED_EDGE('',*,*,#188,.T.);
#188 = EDGE_CURVE('',#181,#189,#191,.T.);
#189 = VERTEX_POINT('',#190);
#190 = CARTESIAN_POINT('',(12.5,-62.5,12.5));
#191 = LINE('',#192,#193);
#192 = CARTESIAN_POINT('',(12.5,8.325E-15,12.5));
#193 = VECTOR('',#194,1.);
#194 = DIRECTION('',(0.,-1.,6.6E-16));
#195 = ORIENTED_EDGE('',*,*,#196,.F.);
#196 = EDGE_CURVE('',#40,#189,#197,.T.);
#197 = LINE('',#198,#199);
#198 = CARTESIAN_POINT('',(12.5,-62.5,2.75E-14));
#199 = VECTOR('',#200,1.);
#200 = DIRECTION('',(0.,0.,1.));
#201 = PLANE('',#202);
#202 = AXIS2_PLACEMENT_3D('',#203,#204,#205);
#203 = CARTESIAN_POINT('',(12.5,-21.875,7.8375E-15));
#204 = DIRECTION('',(1.,0.,0.));
#205 = DIRECTION('',(0.,0.,1.));
#206 = ADVANCED_FACE('',(#207,#242),#278,.F.);
#207 = FACE_BOUND('',#208,.F.);
#208 = EDGE_LOOP('',(#209,#217,#225,#234,#240,#241));
#209 = ORIENTED_EDGE('',*,*,#210,.F.);
#210 = EDGE_CURVE('',#211,#32,#213,.T.);
#211 = VERTEX_POINT('',#212);
#212 = CARTESIAN_POINT('',(-12.5,-62.5,12.5));
#213 = LINE('',#214,#215);
#214 = CARTESIAN_POINT('',(-12.5,-62.5,12.5));
#215 = VECTOR('',#216,1.);
#216 = DIRECTION('',(0.,0.,-1.));
#217 = ORIENTED_EDGE('',*,*,#218,.T.);
#218 = EDGE_CURVE('',#211,#219,#221,.T.);
#219 = VERTEX_POINT('',#220);
#220 = CARTESIAN_POINT('',(-12.1875,-62.5,12.5));
#221 = LINE('',#222,#223);
#222 = CARTESIAN_POINT('',(-12.5,-62.5,12.5));
#223 = VECTOR('',#224,1.);
#224 = DIRECTION('',(1.,0.,0.));
#225 = ORIENTED_EDGE('',*,*,#226,.T.);
#226 = EDGE_CURVE('',#219,#227,#229,.T.);
#227 = VERTEX_POINT('',#228);
#228 = CARTESIAN_POINT('',(12.1875,-62.5,12.5));
#229 = CIRCLE('',#230,12.1875);
#230 = AXIS2_PLACEMENT_3D('',#231,#232,#233);
#231 = CARTESIAN_POINT('',(0.,-62.5,12.5));
#232 = DIRECTION('',(0.,-1.,0.));
#233 = DIRECTION('',(1.,0.,0.));
#234 = ORIENTED_EDGE('',*,*,#235,.F.);
#235 = EDGE_CURVE('',#189,#227,#236,.T.);
#236 = LINE('',#237,#238);
#237 = CARTESIAN_POINT('',(12.5,-62.5,12.5));
#238 = VECTOR('',#239,1.);
#239 = DIRECTION('',(-1.,0.,0.));
#240 = ORIENTED_EDGE('',*,*,#196,.F.);
#241 = ORIENTED_EDGE('',*,*,#39,.F.);
#242 = FACE_BOUND('',#243,.F.);
#243 = EDGE_LOOP('',(#244,#254,#263,#271));
#244 = ORIENTED_EDGE('',*,*,#245,.F.);
#245 = EDGE_CURVE('',#246,#248,#250,.T.);
#246 = VERTEX_POINT('',#247);
#247 = CARTESIAN_POINT('',(11.249999778827,-62.5,3.54710417763));
#248 = VERTEX_POINT('',#249);
#249 = CARTESIAN_POINT('',(11.249999778827,-62.5,1.67210417763));
#250 = LINE('',#251,#252);
#251 = CARTESIAN_POINT('',(11.249999778827,-62.5,3.54710417763));
#252 = VECTOR('',#253,1.);
#253 = DIRECTION('',(0.,0.,-1.));
#254 = ORIENTED_EDGE('',*,*,#255,.T.);
#255 = EDGE_CURVE('',#246,#256,#258,.T.);
#256 = VERTEX_POINT('',#257);
#257 = CARTESIAN_POINT('',(9.999999778827,-62.5,3.54710417763));
#258 = CIRCLE('',#259,0.625);
#259 = AXIS2_PLACEMENT_3D('',#260,#261,#262);
#260 = CARTESIAN_POINT('',(10.624999778827,-62.5,3.54710417763));
#261 = DIRECTION('',(0.,-1.,0.));
#262 = DIRECTION('',(1.,0.,0.));
#263 = ORIENTED_EDGE('',*,*,#264,.T.);
#264 = EDGE_CURVE('',#256,#265,#267,.T.);
#265 = VERTEX_POINT('',#266);
#266 = CARTESIAN_POINT('',(9.999999778827,-62.5,1.67210417763));
#267 = LINE('',#268,#269);
#268 = CARTESIAN_POINT('',(9.999999778827,-62.5,3.54710417763));
#269 = VECTOR('',#270,1.);
#270 = DIRECTION('',(0.,0.,-1.));
#271 = ORIENTED_EDGE('',*,*,#272,.T.);
#272 = EDGE_CURVE('',#265,#248,#273,.T.);
#273 = CIRCLE('',#274,0.625);
#274 = AXIS2_PLACEMENT_3D('',#275,#276,#277);
#275 = CARTESIAN_POINT('',(10.624999778827,-62.5,1.67210417763));
#276 = DIRECTION('',(0.,-1.,0.));
#277 = DIRECTION('',(1.,0.,0.));
#278 = PLANE('',#279);
#279 = AXIS2_PLACEMENT_3D('',#280,#281,#282);
#280 = CARTESIAN_POINT('',(1.25E-16,-62.5,9.915783909768));
#281 = DIRECTION('',(0.,1.,0.));
#282 = DIRECTION('',(0.,0.,1.));
#283 = ADVANCED_FACE('',(#284),#327,.T.);
#284 = FACE_BOUND('',#285,.T.);
#285 = EDGE_LOOP('',(#286,#294,#302,#310,#318,#324,#325,#326));
#286 = ORIENTED_EDGE('',*,*,#287,.F.);
#287 = EDGE_CURVE('',#288,#211,#290,.T.);
#288 = VERTEX_POINT('',#289);
#289 = CARTESIAN_POINT('',(-12.5,0.,12.5));
#290 = LINE('',#291,#292);
#291 = CARTESIAN_POINT('',(-12.5,8.325E-15,12.5));
#292 = VECTOR('',#293,1.);
#293 = DIRECTION('',(0.,-1.,6.6E-16));
#294 = ORIENTED_EDGE('',*,*,#295,.T.);
#295 = EDGE_CURVE('',#288,#296,#298,.T.);
#296 = VERTEX_POINT('',#297);
#297 = CARTESIAN_POINT('',(-12.5,0.,0.));
#298 = LINE('',#299,#300);
#299 = CARTESIAN_POINT('',(-12.5,0.,12.5));
#300 = VECTOR('',#301,1.);
#301 = DIRECTION('',(0.,0.,-1.));
#302 = ORIENTED_EDGE('',*,*,#303,.F.);
#303 = EDGE_CURVE('',#304,#296,#306,.T.);
#304 = VERTEX_POINT('',#305);
#305 = CARTESIAN_POINT('',(-12.5,18.75,0.));
#306 = LINE('',#307,#308);
#307 = CARTESIAN_POINT('',(-12.5,18.75,0.));
#308 = VECTOR('',#309,1.);
#309 = DIRECTION('',(0.,-1.,-2.2E-16));
#310 = ORIENTED_EDGE('',*,*,#311,.T.);
#311 = EDGE_CURVE('',#304,#312,#314,.T.);
#312 = VERTEX_POINT('',#313);
#313 = CARTESIAN_POINT('',(-12.5,18.75,-12.5));
#314 = LINE('',#315,#316);
#315 = CARTESIAN_POINT('',(-12.5,18.75,0.));
#316 = VECTOR('',#317,1.);
#317 = DIRECTION('',(0.,-2.2E-16,-1.));
#318 = ORIENTED_EDGE('',*,*,#319,.T.);
#319 = EDGE_CURVE('',#312,#87,#320,.T.);
#320 = LINE('',#321,#322);
#321 = CARTESIAN_POINT('',(-12.5,18.75,-12.5));
#322 = VECTOR('',#323,1.);
#323 = DIRECTION('',(0.,-1.,-2.2E-16));
#324 = ORIENTED_EDGE('',*,*,#94,.F.);
#325 = ORIENTED_EDGE('',*,*,#31,.T.);
#326 = ORIENTED_EDGE('',*,*,#210,.F.);
#327 = PLANE('',#328);
#328 = AXIS2_PLACEMENT_3D('',#329,#330,#331);
#329 = CARTESIAN_POINT('',(-12.5,-21.875,6.7125E-15));
#330 = DIRECTION('',(-1.,-0.,-0.));
#331 = DIRECTION('',(0.,0.,-1.));
#332 = ADVANCED_FACE('',(#333),#351,.T.);
#333 = FACE_BOUND('',#334,.T.);
#334 = EDGE_LOOP('',(#335,#336,#337,#345));
#335 = ORIENTED_EDGE('',*,*,#156,.T.);
#336 = ORIENTED_EDGE('',*,*,#69,.T.);
#337 = ORIENTED_EDGE('',*,*,#338,.F.);
#338 = EDGE_CURVE('',#339,#70,#341,.T.);
#339 = VERTEX_POINT('',#340);
#340 = CARTESIAN_POINT('',(11.875,18.75,-12.5));
#341 = LINE('',#342,#343);
#342 = CARTESIAN_POINT('',(11.875,18.75,-12.5));
#343 = VECTOR('',#344,1.);
#344 = DIRECTION('',(0.,-1.,-2.2E-16));
#345 = ORIENTED_EDGE('',*,*,#346,.F.);
#346 = EDGE_CURVE('',#157,#339,#347,.T.);
#347 = LINE('',#348,#349);
#348 = CARTESIAN_POINT('',(12.5,18.75,-12.5));
#349 = VECTOR('',#350,1.);
#350 = DIRECTION('',(-1.,0.,0.));
#351 = PLANE('',#352);
#352 = AXIS2_PLACEMENT_3D('',#353,#354,#355);
#353 = CARTESIAN_POINT('',(12.5,18.75,-12.5));
#354 = DIRECTION('',(0.,2.2E-16,-1.));
#355 = DIRECTION('',(-1.,0.,0.));
#356 = ADVANCED_FACE('',(#357),#376,.T.);
#357 = FACE_BOUND('',#358,.F.);
#358 = EDGE_LOOP('',(#359,#367,#368,#369));
#359 = ORIENTED_EDGE('',*,*,#360,.T.);
#360 = EDGE_CURVE('',#361,#78,#363,.T.);
#361 = VERTEX_POINT('',#362);
#362 = CARTESIAN_POINT('',(-11.875,18.75,-12.5));
#363 = LINE('',#364,#365);
#364 = CARTESIAN_POINT('',(-11.875,18.75,-12.5));
#365 = VECTOR('',#366,1.);
#366 = DIRECTION('',(0.,-1.,-2.2E-16));
#367 = ORIENTED_EDGE('',*,*,#77,.T.);
#368 = ORIENTED_EDGE('',*,*,#338,.F.);
#369 = ORIENTED_EDGE('',*,*,#370,.F.);
#370 = EDGE_CURVE('',#361,#339,#371,.T.);
#371 = CIRCLE('',#372,11.875);
#372 = AXIS2_PLACEMENT_3D('',#373,#374,#375);
#373 = CARTESIAN_POINT('',(0.,18.75,-12.5));
#374 = DIRECTION('',(0.,-1.,2.2E-16));
#375 = DIRECTION('',(-1.,0.,0.));
#376 = CYLINDRICAL_SURFACE('',#377,11.875);
#377 = AXIS2_PLACEMENT_3D('',#378,#379,#380);
#378 = CARTESIAN_POINT('',(0.,18.75,-12.5));
#379 = DIRECTION('',(0.,1.,2.2E-16));
#380 = DIRECTION('',(-1.,0.,0.));
#381 = ADVANCED_FACE('',(#382),#393,.F.);
#382 = FACE_BOUND('',#383,.F.);
#383 = EDGE_LOOP('',(#384,#385,#386,#387));
#384 = ORIENTED_EDGE('',*,*,#319,.T.);
#385 = ORIENTED_EDGE('',*,*,#86,.T.);
#386 = ORIENTED_EDGE('',*,*,#360,.F.);
#387 = ORIENTED_EDGE('',*,*,#388,.F.);
#388 = EDGE_CURVE('',#312,#361,#389,.T.);
#389 = LINE('',#390,#391);
#390 = CARTESIAN_POINT('',(-12.5,18.75,-12.5));
#391 = VECTOR('',#392,1.);
#392 = DIRECTION('',(1.,0.,0.));
#393 = PLANE('',#394);
#394 = AXIS2_PLACEMENT_3D('',#395,#396,#397);
#395 = CARTESIAN_POINT('',(-12.5,18.75,-12.5));
#396 = DIRECTION('',(-0.,-2.2E-16,1.));
#397 = DIRECTION('',(1.,0.,0.));
#398 = ADVANCED_FACE('',(#399),#422,.T.);
#399 = FACE_BOUND('',#400,.T.);
#400 = EDGE_LOOP('',(#401,#402,#409,#417));
#401 = ORIENTED_EDGE('',*,*,#103,.T.);
#402 = ORIENTED_EDGE('',*,*,#403,.T.);
#403 = EDGE_CURVE('',#106,#404,#406,.T.);
#404 = VERTEX_POINT('',#405);
#405 = CARTESIAN_POINT('',(8.309182548229,-46.25,-3.565817451771));
#406 = B_SPLINE_CURVE_WITH_KNOTS('',1,(#407,#408),.UNSPECIFIED.,.F.,.F.,
  (2,2),(0.,1.),.PIECEWISE_BEZIER_KNOTS.);
#407 = CARTESIAN_POINT('',(8.75,-43.75,-3.125));
#408 = CARTESIAN_POINT('',(8.309182548229,-46.25,-3.565817451771));
#409 = ORIENTED_EDGE('',*,*,#410,.F.);
#410 = EDGE_CURVE('',#411,#404,#413,.T.);
#411 = VERTEX_POINT('',#412);
#412 = CARTESIAN_POINT('',(8.309182548229,-46.25,-5.184182548229));
#413 = LINE('',#414,#415);
#414 = CARTESIAN_POINT('',(8.309182548229,-46.25,-5.625));
#415 = VECTOR('',#416,1.);
#416 = DIRECTION('',(0.,2.2E-16,1.));
#417 = ORIENTED_EDGE('',*,*,#418,.F.);
#418 = EDGE_CURVE('',#104,#411,#419,.T.);
#419 = B_SPLINE_CURVE_WITH_KNOTS('',1,(#420,#421),.UNSPECIFIED.,.F.,.F.,
  (2,2),(0.,1.),.PIECEWISE_BEZIER_KNOTS.);
#420 = CARTESIAN_POINT('',(8.75,-43.75,-5.625));
#421 = CARTESIAN_POINT('',(8.309182548229,-46.25,-5.184182548229));
#422 = B_SPLINE_SURFACE_WITH_KNOTS('',1,1,(
    (#423,#424)
    ,(#425,#426)),.UNSPECIFIED.,.F.,.F.,.F.,(2,2),(2,2),(0.,2.),(0.,1.),
  .PIECEWISE_BEZIER_KNOTS.);
#423 = CARTESIAN_POINT('',(8.75,-43.75,-5.625));
#424 = CARTESIAN_POINT('',(8.309182548229,-46.25,-5.184182548229));
#425 = CARTESIAN_POINT('',(8.75,-43.75,-3.125));
#426 = CARTESIAN_POINT('',(8.309182548229,-46.25,-3.565817451771));
#427 = ADVANCED_FACE('',(#428),#445,.T.);
#428 = FACE_BOUND('',#429,.T.);
#429 = EDGE_LOOP('',(#430,#431,#432,#440));
#430 = ORIENTED_EDGE('',*,*,#129,.T.);
#431 = ORIENTED_EDGE('',*,*,#418,.T.);
#432 = ORIENTED_EDGE('',*,*,#433,.F.);
#433 = EDGE_CURVE('',#434,#411,#436,.T.);
#434 = VERTEX_POINT('',#435);
#435 = CARTESIAN_POINT('',(-8.309182548229,-46.25,-5.184182548229));
#436 = LINE('',#437,#438);
#437 = CARTESIAN_POINT('',(-8.75,-46.25,-5.184182548229));
#438 = VECTOR('',#439,1.);
#439 = DIRECTION('',(1.,0.,0.));
#440 = ORIENTED_EDGE('',*,*,#441,.F.);
#441 = EDGE_CURVE('',#122,#434,#442,.T.);
#442 = B_SPLINE_CURVE_WITH_KNOTS('',1,(#443,#444),.UNSPECIFIED.,.F.,.F.,
  (2,2),(0.,1.),.PIECEWISE_BEZIER_KNOTS.);
#443 = CARTESIAN_POINT('',(-8.75,-43.75,-5.625));
#444 = CARTESIAN_POINT('',(-8.309182548229,-46.25,-5.184182548229));
#445 = B_SPLINE_SURFACE_WITH_KNOTS('',1,1,(
    (#446,#447)
    ,(#448,#449
  )),.UNSPECIFIED.,.F.,.F.,.F.,(2,2),(2,2),(0.,14.),(0.,1.),
  .PIECEWISE_BEZIER_KNOTS.);
#446 = CARTESIAN_POINT('',(-8.75,-43.75,-5.625));
#447 = CARTESIAN_POINT('',(-8.309182548229,-46.25,-5.184182548229));
#448 = CARTESIAN_POINT('',(8.75,-43.75,-5.625));
#449 = CARTESIAN_POINT('',(8.309182548229,-46.25,-5.184182548229));
#450 = ADVANCED_FACE('',(#451),#468,.T.);
#451 = FACE_BOUND('',#452,.T.);
#452 = EDGE_LOOP('',(#453,#454,#455,#463));
#453 = ORIENTED_EDGE('',*,*,#121,.T.);
#454 = ORIENTED_EDGE('',*,*,#441,.T.);
#455 = ORIENTED_EDGE('',*,*,#456,.F.);
#456 = EDGE_CURVE('',#457,#434,#459,.T.);
#457 = VERTEX_POINT('',#458);
#458 = CARTESIAN_POINT('',(-8.309182548229,-46.25,-3.565817451771));
#459 = LINE('',#460,#461);
#460 = CARTESIAN_POINT('',(-8.309182548229,-46.25,-3.125));
#461 = VECTOR('',#462,1.);
#462 = DIRECTION('',(0.,-2.2E-16,-1.));
#463 = ORIENTED_EDGE('',*,*,#464,.F.);
#464 = EDGE_CURVE('',#114,#457,#465,.T.);
#465 = B_SPLINE_CURVE_WITH_KNOTS('',1,(#466,#467),.UNSPECIFIED.,.F.,.F.,
  (2,2),(0.,1.),.PIECEWISE_BEZIER_KNOTS.);
#466 = CARTESIAN_POINT('',(-8.75,-43.75,-3.125));
#467 = CARTESIAN_POINT('',(-8.309182548229,-46.25,-3.565817451771));
#468 = B_SPLINE_SURFACE_WITH_KNOTS('',1,1,(
    (#469,#470)
    ,(#471,#472)),.UNSPECIFIED.,.F.,.F.,.F.,(2,2),(2,2),(0.,2.),(0.,1.),
  .PIECEWISE_BEZIER_KNOTS.);
#469 = CARTESIAN_POINT('',(-8.75,-43.75,-3.125));
#470 = CARTESIAN_POINT('',(-8.309182548229,-46.25,-3.565817451771));
#471 = CARTESIAN_POINT('',(-8.75,-43.75,-5.625));
#472 = CARTESIAN_POINT('',(-8.309182548229,-46.25,-5.184182548229));
#473 = ADVANCED_FACE('',(#474),#485,.T.);
#474 = FACE_BOUND('',#475,.T.);
#475 = EDGE_LOOP('',(#476,#477,#478,#484));
#476 = ORIENTED_EDGE('',*,*,#113,.T.);
#477 = ORIENTED_EDGE('',*,*,#464,.T.);
#478 = ORIENTED_EDGE('',*,*,#479,.F.);
#479 = EDGE_CURVE('',#404,#457,#480,.T.);
#480 = LINE('',#481,#482);
#481 = CARTESIAN_POINT('',(8.75,-46.25,-3.565817451771));
#482 = VECTOR('',#483,1.);
#483 = DIRECTION('',(-1.,0.,0.));
#484 = ORIENTED_EDGE('',*,*,#403,.F.);
#485 = B_SPLINE_SURFACE_WITH_KNOTS('',1,1,(
    (#486,#487)
    ,(#488,#489
  )),.UNSPECIFIED.,.F.,.F.,.F.,(2,2),(2,2),(0.,14.),(0.,1.),
  .PIECEWISE_BEZIER_KNOTS.);
#486 = CARTESIAN_POINT('',(8.75,-43.75,-3.125));
#487 = CARTESIAN_POINT('',(8.309182548229,-46.25,-3.565817451771));
#488 = CARTESIAN_POINT('',(-8.75,-43.75,-3.125));
#489 = CARTESIAN_POINT('',(-8.309182548229,-46.25,-3.565817451771));
#490 = ADVANCED_FACE('',(#491),#509,.T.);
#491 = FACE_BOUND('',#492,.T.);
#492 = EDGE_LOOP('',(#493,#494,#501,#508));
#493 = ORIENTED_EDGE('',*,*,#137,.T.);
#494 = ORIENTED_EDGE('',*,*,#495,.T.);
#495 = EDGE_CURVE('',#138,#496,#498,.T.);
#496 = VERTEX_POINT('',#497);
#497 = CARTESIAN_POINT('',(-4.772518603584,-44.375,-12.5));
#498 = B_SPLINE_CURVE_WITH_KNOTS('',1,(#499,#500),.UNSPECIFIED.,.F.,.F.,
  (2,2),(0.,1.),.PIECEWISE_BEZIER_KNOTS.);
#499 = CARTESIAN_POINT('',(-5.,-43.75,-12.5));
#500 = CARTESIAN_POINT('',(-4.772518603584,-44.375,-12.5));
#501 = ORIENTED_EDGE('',*,*,#502,.F.);
#502 = EDGE_CURVE('',#496,#496,#503,.T.);
#503 = CIRCLE('',#504,4.772518603584);
#504 = AXIS2_PLACEMENT_3D('',#505,#506,#507);
#505 = CARTESIAN_POINT('',(0.,-44.375,-12.5));
#506 = DIRECTION('',(0.,-1.,2.2E-16));
#507 = DIRECTION('',(-1.,0.,0.));
#508 = ORIENTED_EDGE('',*,*,#495,.F.);
#509 = CONICAL_SURFACE('',#510,5.,0.349065850399);
#510 = AXIS2_PLACEMENT_3D('',#511,#512,#513);
#511 = CARTESIAN_POINT('',(0.,-43.75,-12.5));
#512 = DIRECTION('',(0.,1.,2.2E-16));
#513 = DIRECTION('',(-1.,0.,0.));
#514 = ADVANCED_FACE('',(#515,#528),#564,.T.);
#515 = FACE_BOUND('',#516,.T.);
#516 = EDGE_LOOP('',(#517,#518,#519,#520,#521,#522));
#517 = ORIENTED_EDGE('',*,*,#164,.F.);
#518 = ORIENTED_EDGE('',*,*,#346,.T.);
#519 = ORIENTED_EDGE('',*,*,#370,.F.);
#520 = ORIENTED_EDGE('',*,*,#388,.F.);
#521 = ORIENTED_EDGE('',*,*,#311,.F.);
#522 = ORIENTED_EDGE('',*,*,#523,.F.);
#523 = EDGE_CURVE('',#165,#304,#524,.T.);
#524 = LINE('',#525,#526);
#525 = CARTESIAN_POINT('',(12.5,18.75,0.));
#526 = VECTOR('',#527,1.);
#527 = DIRECTION('',(-1.,0.,0.));
#528 = FACE_BOUND('',#529,.T.);
#529 = EDGE_LOOP('',(#530,#541,#549,#558));
#530 = ORIENTED_EDGE('',*,*,#531,.F.);
#531 = EDGE_CURVE('',#532,#534,#536,.T.);
#532 = VERTEX_POINT('',#533);
#533 = CARTESIAN_POINT('',(-0.625,18.75,-20.625));
#534 = VERTEX_POINT('',#535);
#535 = CARTESIAN_POINT('',(0.625,18.75,-20.625));
#536 = CIRCLE('',#537,0.625);
#537 = AXIS2_PLACEMENT_3D('',#538,#539,#540);
#538 = CARTESIAN_POINT('',(0.,18.75,-20.625));
#539 = DIRECTION('',(0.,1.,-0.));
#540 = DIRECTION('',(-1.,0.,0.));
#541 = ORIENTED_EDGE('',*,*,#542,.T.);
#542 = EDGE_CURVE('',#532,#543,#545,.T.);
#543 = VERTEX_POINT('',#544);
#544 = CARTESIAN_POINT('',(-0.625,18.75,-22.5));
#545 = LINE('',#546,#547);
#546 = CARTESIAN_POINT('',(-0.625,18.75,-20.625));
#547 = VECTOR('',#548,1.);
#548 = DIRECTION('',(0.,0.,-1.));
#549 = ORIENTED_EDGE('',*,*,#550,.F.);
#550 = EDGE_CURVE('',#551,#543,#553,.T.);
#551 = VERTEX_POINT('',#552);
#552 = CARTESIAN_POINT('',(0.625,18.75,-22.5));
#553 = CIRCLE('',#554,0.625);
#554 = AXIS2_PLACEMENT_3D('',#555,#556,#557);
#555 = CARTESIAN_POINT('',(0.,18.75,-22.5));
#556 = DIRECTION('',(0.,1.,-0.));
#557 = DIRECTION('',(-1.,0.,0.));
#558 = ORIENTED_EDGE('',*,*,#559,.F.);
#559 = EDGE_CURVE('',#534,#551,#560,.T.);
#560 = LINE('',#561,#562);
#561 = CARTESIAN_POINT('',(0.625,18.75,-20.625));
#562 = VECTOR('',#563,1.);
#563 = DIRECTION('',(0.,0.,-1.));
#564 = PLANE('',#565);
#565 = AXIS2_PLACEMENT_3D('',#566,#567,#568);
#566 = CARTESIAN_POINT('',(-2.5E-16,18.75,-9.915783909768));
#567 = DIRECTION('',(0.,1.,-2.2E-16));
#568 = DIRECTION('',(0.,-2.2E-16,-1.));
#569 = ADVANCED_FACE('',(#570),#581,.F.);
#570 = FACE_BOUND('',#571,.F.);
#571 = EDGE_LOOP('',(#572,#573,#574,#580));
#572 = ORIENTED_EDGE('',*,*,#523,.F.);
#573 = ORIENTED_EDGE('',*,*,#172,.T.);
#574 = ORIENTED_EDGE('',*,*,#575,.F.);
#575 = EDGE_CURVE('',#296,#173,#576,.T.);
#576 = LINE('',#577,#578);
#577 = CARTESIAN_POINT('',(-12.5,0.,0.));
#578 = VECTOR('',#579,1.);
#579 = DIRECTION('',(1.,0.,0.));
#580 = ORIENTED_EDGE('',*,*,#303,.F.);
#581 = PLANE('',#582);
#582 = AXIS2_PLACEMENT_3D('',#583,#584,#585);
#583 = CARTESIAN_POINT('',(12.5,18.75,0.));
#584 = DIRECTION('',(0.,2.2E-16,-1.));
#585 = DIRECTION('',(-1.,0.,0.));
#586 = ADVANCED_FACE('',(#587,#615,#626,#637,#648,#684,#720),#790,.T.);
#587 = FACE_BOUND('',#588,.T.);
#588 = EDGE_LOOP('',(#589,#590,#598,#607,#613,#614));
#589 = ORIENTED_EDGE('',*,*,#295,.F.);
#590 = ORIENTED_EDGE('',*,*,#591,.T.);
#591 = EDGE_CURVE('',#288,#592,#594,.T.);
#592 = VERTEX_POINT('',#593);
#593 = CARTESIAN_POINT('',(-11.875,0.,12.5));
#594 = LINE('',#595,#596);
#595 = CARTESIAN_POINT('',(-12.5,0.,12.5));
#596 = VECTOR('',#597,1.);
#597 = DIRECTION('',(1.,0.,0.));
#598 = ORIENTED_EDGE('',*,*,#599,.F.);
#599 = EDGE_CURVE('',#600,#592,#602,.T.);
#600 = VERTEX_POINT('',#601);
#601 = CARTESIAN_POINT('',(11.875,0.,12.5));
#602 = CIRCLE('',#603,11.875);
#603 = AXIS2_PLACEMENT_3D('',#604,#605,#606);
#604 = CARTESIAN_POINT('',(0.,0.,12.5));
#605 = DIRECTION('',(0.,-1.,0.));
#606 = DIRECTION('',(1.,0.,0.));
#607 = ORIENTED_EDGE('',*,*,#608,.F.);
#608 = EDGE_CURVE('',#181,#600,#609,.T.);
#609 = LINE('',#610,#611);
#610 = CARTESIAN_POINT('',(12.5,0.,12.5));
#611 = VECTOR('',#612,1.);
#612 = DIRECTION('',(-1.,0.,0.));
#613 = ORIENTED_EDGE('',*,*,#180,.F.);
#614 = ORIENTED_EDGE('',*,*,#575,.F.);
#615 = FACE_BOUND('',#616,.T.);
#616 = EDGE_LOOP('',(#617));
#617 = ORIENTED_EDGE('',*,*,#618,.F.);
#618 = EDGE_CURVE('',#619,#619,#621,.T.);
#619 = VERTEX_POINT('',#620);
#620 = CARTESIAN_POINT('',(-1.5625,2.5E-15,2.5));
#621 = CIRCLE('',#622,0.3125);
#622 = AXIS2_PLACEMENT_3D('',#623,#624,#625);
#623 = CARTESIAN_POINT('',(-1.25,2.5E-15,2.5));
#624 = DIRECTION('',(0.,1.,-0.));
#625 = DIRECTION('',(-1.,0.,0.));
#626 = FACE_BOUND('',#627,.T.);
#627 = EDGE_LOOP('',(#628));
#628 = ORIENTED_EDGE('',*,*,#629,.F.);
#629 = EDGE_CURVE('',#630,#630,#632,.T.);
#630 = VERTEX_POINT('',#631);
#631 = CARTESIAN_POINT('',(-0.3125,2.5E-15,2.5));
#632 = CIRCLE('',#633,0.3125);
#633 = AXIS2_PLACEMENT_3D('',#634,#635,#636);
#634 = CARTESIAN_POINT('',(0.,2.5E-15,2.5));
#635 = DIRECTION('',(0.,1.,-0.));
#636 = DIRECTION('',(-1.,0.,0.));
#637 = FACE_BOUND('',#638,.T.);
#638 = EDGE_LOOP('',(#639));
#639 = ORIENTED_EDGE('',*,*,#640,.F.);
#640 = EDGE_CURVE('',#641,#641,#643,.T.);
#641 = VERTEX_POINT('',#642);
#642 = CARTESIAN_POINT('',(0.9375,2.5E-15,2.5));
#643 = CIRCLE('',#644,0.3125);
#644 = AXIS2_PLACEMENT_3D('',#645,#646,#647);
#645 = CARTESIAN_POINT('',(1.25,2.5E-15,2.5));
#646 = DIRECTION('',(0.,1.,-0.));
#647 = DIRECTION('',(-1.,0.,0.));
#648 = FACE_BOUND('',#649,.T.);
#649 = EDGE_LOOP('',(#650,#661,#669,#678));
#650 = ORIENTED_EDGE('',*,*,#651,.F.);
#651 = EDGE_CURVE('',#652,#654,#656,.T.);
#652 = VERTEX_POINT('',#653);
#653 = CARTESIAN_POINT('',(2.5,4.142890293094E-15,8.75));
#654 = VERTEX_POINT('',#655);
#655 = CARTESIAN_POINT('',(2.5,3.587778780781E-15,6.25));
#656 = CIRCLE('',#657,1.25);
#657 = AXIS2_PLACEMENT_3D('',#658,#659,#660);
#658 = CARTESIAN_POINT('',(2.5,3.865334536938E-15,7.5));
#659 = DIRECTION('',(0.,1.,-2.22044604925E-16));
#660 = DIRECTION('',(-1.,0.,0.));
#661 = ORIENTED_EDGE('',*,*,#662,.T.);
#662 = EDGE_CURVE('',#652,#663,#665,.T.);
#663 = VERTEX_POINT('',#664);
#664 = CARTESIAN_POINT('',(-2.5,4.142890293094E-15,8.75));
#665 = LINE('',#666,#667);
#666 = CARTESIAN_POINT('',(2.5,4.142890293094E-15,8.75));
#667 = VECTOR('',#668,1.);
#668 = DIRECTION('',(-1.,0.,0.));
#669 = ORIENTED_EDGE('',*,*,#670,.F.);
#670 = EDGE_CURVE('',#671,#663,#673,.T.);
#671 = VERTEX_POINT('',#672);
#672 = CARTESIAN_POINT('',(-2.5,3.587778780781E-15,6.25));
#673 = CIRCLE('',#674,1.25);
#674 = AXIS2_PLACEMENT_3D('',#675,#676,#677);
#675 = CARTESIAN_POINT('',(-2.5,3.865334536938E-15,7.5));
#676 = DIRECTION('',(0.,1.,-2.22044604925E-16));
#677 = DIRECTION('',(-1.,0.,0.));
#678 = ORIENTED_EDGE('',*,*,#679,.F.);
#679 = EDGE_CURVE('',#654,#671,#680,.T.);
#680 = LINE('',#681,#682);
#681 = CARTESIAN_POINT('',(2.5,3.587778780781E-15,6.25));
#682 = VECTOR('',#683,1.);
#683 = DIRECTION('',(-1.,0.,0.));
#684 = FACE_BOUND('',#685,.T.);
#685 = EDGE_LOOP('',(#686,#697,#705,#714));
#686 = ORIENTED_EDGE('',*,*,#687,.F.);
#687 = EDGE_CURVE('',#688,#690,#692,.T.);
#688 = VERTEX_POINT('',#689);
#689 = CARTESIAN_POINT('',(5.,2.5E-15,17.5));
#690 = VERTEX_POINT('',#691);
#691 = CARTESIAN_POINT('',(5.,2.5E-15,12.5));
#692 = CIRCLE('',#693,2.5);
#693 = AXIS2_PLACEMENT_3D('',#694,#695,#696);
#694 = CARTESIAN_POINT('',(5.,2.5E-15,15.));
#695 = DIRECTION('',(-0.,1.,0.));
#696 = DIRECTION('',(1.,0.,0.));
#697 = ORIENTED_EDGE('',*,*,#698,.T.);
#698 = EDGE_CURVE('',#688,#699,#701,.T.);
#699 = VERTEX_POINT('',#700);
#700 = CARTESIAN_POINT('',(-5.,2.5E-15,17.5));
#701 = LINE('',#702,#703);
#702 = CARTESIAN_POINT('',(5.,2.5E-15,17.5));
#703 = VECTOR('',#704,1.);
#704 = DIRECTION('',(-1.,0.,0.));
#705 = ORIENTED_EDGE('',*,*,#706,.F.);
#706 = EDGE_CURVE('',#707,#699,#709,.T.);
#707 = VERTEX_POINT('',#708);
#708 = CARTESIAN_POINT('',(-5.,2.5E-15,12.5));
#709 = CIRCLE('',#710,2.5);
#710 = AXIS2_PLACEMENT_3D('',#711,#712,#713);
#711 = CARTESIAN_POINT('',(-5.,2.5E-15,15.));
#712 = DIRECTION('',(-0.,1.,0.));
#713 = DIRECTION('',(1.,0.,0.));
#714 = ORIENTED_EDGE('',*,*,#715,.F.);
#715 = EDGE_CURVE('',#690,#707,#716,.T.);
#716 = LINE('',#717,#718);
#717 = CARTESIAN_POINT('',(5.,2.5E-15,12.5));
#718 = VECTOR('',#719,1.);
#719 = DIRECTION('',(-1.,0.,0.));
#720 = FACE_BOUND('',#721,.T.);
#721 = EDGE_LOOP('',(#722,#732,#741,#749,#758,#766,#775,#783));
#722 = ORIENTED_EDGE('',*,*,#723,.F.);
#723 = EDGE_CURVE('',#724,#726,#728,.T.);
#724 = VERTEX_POINT('',#725);
#725 = CARTESIAN_POINT('',(3.75,7.5E-15,21.5625));
#726 = VERTEX_POINT('',#727);
#727 = CARTESIAN_POINT('',(3.75,6.25E-15,20.3125));
#728 = LINE('',#729,#730);
#729 = CARTESIAN_POINT('',(3.75,2.5E-15,21.5625));
#730 = VECTOR('',#731,1.);
#731 = DIRECTION('',(0.,0.,-1.));
#732 = ORIENTED_EDGE('',*,*,#733,.F.);
#733 = EDGE_CURVE('',#734,#724,#736,.T.);
#734 = VERTEX_POINT('',#735);
#735 = CARTESIAN_POINT('',(3.4375,7.5E-15,21.875));
#736 = CIRCLE('',#737,0.3125);
#737 = AXIS2_PLACEMENT_3D('',#738,#739,#740);
#738 = CARTESIAN_POINT('',(3.4375,2.5E-15,21.5625));
#739 = DIRECTION('',(0.,1.,-0.));
#740 = DIRECTION('',(-1.,0.,0.));
#741 = ORIENTED_EDGE('',*,*,#742,.F.);
#742 = EDGE_CURVE('',#743,#734,#745,.T.);
#743 = VERTEX_POINT('',#744);
#744 = CARTESIAN_POINT('',(-3.4375,7.5E-15,21.875));
#745 = LINE('',#746,#747);
#746 = CARTESIAN_POINT('',(-3.4375,2.5E-15,21.875));
#747 = VECTOR('',#748,1.);
#748 = DIRECTION('',(1.,0.,0.));
#749 = ORIENTED_EDGE('',*,*,#750,.F.);
#750 = EDGE_CURVE('',#751,#743,#753,.T.);
#751 = VERTEX_POINT('',#752);
#752 = CARTESIAN_POINT('',(-3.75,7.5E-15,21.5625));
#753 = CIRCLE('',#754,0.3125);
#754 = AXIS2_PLACEMENT_3D('',#755,#756,#757);
#755 = CARTESIAN_POINT('',(-3.4375,2.5E-15,21.5625));
#756 = DIRECTION('',(0.,1.,-0.));
#757 = DIRECTION('',(-1.,0.,0.));
#758 = ORIENTED_EDGE('',*,*,#759,.F.);
#759 = EDGE_CURVE('',#760,#751,#762,.T.);
#760 = VERTEX_POINT('',#761);
#761 = CARTESIAN_POINT('',(-3.75,6.25E-15,20.3125));
#762 = LINE('',#763,#764);
#763 = CARTESIAN_POINT('',(-3.75,2.5E-15,20.3125));
#764 = VECTOR('',#765,1.);
#765 = DIRECTION('',(0.,0.,1.));
#766 = ORIENTED_EDGE('',*,*,#767,.F.);
#767 = EDGE_CURVE('',#768,#760,#770,.T.);
#768 = VERTEX_POINT('',#769);
#769 = CARTESIAN_POINT('',(-3.4375,6.25E-15,20.));
#770 = CIRCLE('',#771,0.3125);
#771 = AXIS2_PLACEMENT_3D('',#772,#773,#774);
#772 = CARTESIAN_POINT('',(-3.4375,2.5E-15,20.3125));
#773 = DIRECTION('',(0.,1.,-0.));
#774 = DIRECTION('',(-1.,0.,0.));
#775 = ORIENTED_EDGE('',*,*,#776,.F.);
#776 = EDGE_CURVE('',#777,#768,#779,.T.);
#777 = VERTEX_POINT('',#778);
#778 = CARTESIAN_POINT('',(3.4375,6.25E-15,20.));
#779 = LINE('',#780,#781);
#780 = CARTESIAN_POINT('',(3.4375,2.5E-15,20.));
#781 = VECTOR('',#782,1.);
#782 = DIRECTION('',(-1.,0.,0.));
#783 = ORIENTED_EDGE('',*,*,#784,.F.);
#784 = EDGE_CURVE('',#726,#777,#785,.T.);
#785 = CIRCLE('',#786,0.3125);
#786 = AXIS2_PLACEMENT_3D('',#787,#788,#789);
#787 = CARTESIAN_POINT('',(3.4375,2.5E-15,20.3125));
#788 = DIRECTION('',(0.,1.,-0.));
#789 = DIRECTION('',(-1.,0.,0.));
#790 = PLANE('',#791);
#791 = AXIS2_PLACEMENT_3D('',#792,#793,#794);
#792 = CARTESIAN_POINT('',(1.25E-16,2.2E-15,9.915783909768));
#793 = DIRECTION('',(0.,1.,0.));
#794 = DIRECTION('',(0.,0.,1.));
#795 = ADVANCED_FACE('',(#796),#847,.T.);
#796 = FACE_BOUND('',#797,.T.);
#797 = EDGE_LOOP('',(#798,#799,#800,#808,#816,#824,#832,#840,#846));
#798 = ORIENTED_EDGE('',*,*,#188,.F.);
#799 = ORIENTED_EDGE('',*,*,#608,.T.);
#800 = ORIENTED_EDGE('',*,*,#801,.T.);
#801 = EDGE_CURVE('',#600,#802,#804,.T.);
#802 = VERTEX_POINT('',#803);
#803 = CARTESIAN_POINT('',(11.875,-25.,12.5));
#804 = LINE('',#805,#806);
#805 = CARTESIAN_POINT('',(11.875,5.55E-15,12.5));
#806 = VECTOR('',#807,1.);
#807 = DIRECTION('',(0.,-1.,4.4E-16));
#808 = ORIENTED_EDGE('',*,*,#809,.F.);
#809 = EDGE_CURVE('',#810,#802,#812,.T.);
#810 = VERTEX_POINT('',#811);
#811 = CARTESIAN_POINT('',(11.7125,-25.,12.5));
#812 = LINE('',#813,#814);
#813 = CARTESIAN_POINT('',(11.25,-25.,12.5));
#814 = VECTOR('',#815,1.);
#815 = DIRECTION('',(1.,0.,0.));
#816 = ORIENTED_EDGE('',*,*,#817,.T.);
#817 = EDGE_CURVE('',#810,#818,#820,.T.);
#818 = VERTEX_POINT('',#819);
#819 = CARTESIAN_POINT('',(11.7125,-37.5,12.5));
#820 = LINE('',#821,#822);
#821 = CARTESIAN_POINT('',(11.7125,-28.125,12.5));
#822 = VECTOR('',#823,1.);
#823 = DIRECTION('',(0.,-1.,6.4E-16));
#824 = ORIENTED_EDGE('',*,*,#825,.F.);
#825 = EDGE_CURVE('',#826,#818,#828,.T.);
#826 = VERTEX_POINT('',#827);
#827 = CARTESIAN_POINT('',(11.875,-37.5,12.5));
#828 = LINE('',#829,#830);
#829 = CARTESIAN_POINT('',(12.5,-37.5,12.5));
#830 = VECTOR('',#831,1.);
#831 = DIRECTION('',(-1.,0.,0.));
#832 = ORIENTED_EDGE('',*,*,#833,.T.);
#833 = EDGE_CURVE('',#826,#834,#836,.T.);
#834 = VERTEX_POINT('',#835);
#835 = CARTESIAN_POINT('',(11.875,-62.5,12.5));
#836 = LINE('',#837,#838);
#837 = CARTESIAN_POINT('',(11.875,5.55E-15,12.5));
#838 = VECTOR('',#839,1.);
#839 = DIRECTION('',(0.,-1.,4.4E-16));
#840 = ORIENTED_EDGE('',*,*,#841,.F.);
#841 = EDGE_CURVE('',#227,#834,#842,.T.);
#842 = LINE('',#843,#844);
#843 = CARTESIAN_POINT('',(12.5,-62.5,12.5));
#844 = VECTOR('',#845,1.);
#845 = DIRECTION('',(-1.,0.,0.));
#846 = ORIENTED_EDGE('',*,*,#235,.F.);
#847 = PLANE('',#848);
#848 = AXIS2_PLACEMENT_3D('',#849,#850,#851);
#849 = CARTESIAN_POINT('',(12.120098039216,-31.25,12.5));
#850 = DIRECTION('',(-5.23E-15,6.4E-16,1.));
#851 = DIRECTION('',(1.,0.,5.23E-15));
#852 = ADVANCED_FACE('',(#853),#879,.T.);
#853 = FACE_BOUND('',#854,.F.);
#854 = EDGE_LOOP('',(#855,#862,#870,#877,#878));
#855 = ORIENTED_EDGE('',*,*,#856,.F.);
#856 = EDGE_CURVE('',#227,#219,#857,.T.);
#857 = CIRCLE('',#858,12.1875);
#858 = AXIS2_PLACEMENT_3D('',#859,#860,#861);
#859 = CARTESIAN_POINT('',(0.,-62.5,12.5));
#860 = DIRECTION('',(0.,-1.,0.));
#861 = DIRECTION('',(1.,0.,0.));
#862 = ORIENTED_EDGE('',*,*,#863,.T.);
#863 = EDGE_CURVE('',#227,#864,#866,.T.);
#864 = VERTEX_POINT('',#865);
#865 = CARTESIAN_POINT('',(12.1875,-68.75,12.5));
#866 = LINE('',#867,#868);
#867 = CARTESIAN_POINT('',(12.1875,-62.5,12.5));
#868 = VECTOR('',#869,1.);
#869 = DIRECTION('',(0.,-1.,2.2E-16));
#870 = ORIENTED_EDGE('',*,*,#871,.T.);
#871 = EDGE_CURVE('',#864,#864,#872,.T.);
#872 = CIRCLE('',#873,12.1875);
#873 = AXIS2_PLACEMENT_3D('',#874,#875,#876);
#874 = CARTESIAN_POINT('',(0.,-68.75,12.5));
#875 = DIRECTION('',(0.,-1.,0.));
#876 = DIRECTION('',(1.,0.,0.));
#877 = ORIENTED_EDGE('',*,*,#863,.F.);
#878 = ORIENTED_EDGE('',*,*,#226,.F.);
#879 = CYLINDRICAL_SURFACE('',#880,12.1875);
#880 = AXIS2_PLACEMENT_3D('',#881,#882,#883);
#881 = CARTESIAN_POINT('',(0.,-62.5,12.5));
#882 = DIRECTION('',(0.,1.,-2.2E-16));
#883 = DIRECTION('',(1.,0.,0.));
#884 = ADVANCED_FACE('',(#885),#936,.T.);
#885 = FACE_BOUND('',#886,.T.);
#886 = EDGE_LOOP('',(#887,#888,#889,#890,#898,#906,#914,#922,#930));
#887 = ORIENTED_EDGE('',*,*,#591,.F.);
#888 = ORIENTED_EDGE('',*,*,#287,.T.);
#889 = ORIENTED_EDGE('',*,*,#218,.T.);
#890 = ORIENTED_EDGE('',*,*,#891,.T.);
#891 = EDGE_CURVE('',#219,#892,#894,.T.);
#892 = VERTEX_POINT('',#893);
#893 = CARTESIAN_POINT('',(-11.875,-62.5,12.5));
#894 = LINE('',#895,#896);
#895 = CARTESIAN_POINT('',(-12.5,-62.5,12.5));
#896 = VECTOR('',#897,1.);
#897 = DIRECTION('',(1.,0.,0.));
#898 = ORIENTED_EDGE('',*,*,#899,.F.);
#899 = EDGE_CURVE('',#900,#892,#902,.T.);
#900 = VERTEX_POINT('',#901);
#901 = CARTESIAN_POINT('',(-11.875,-37.5,12.5));
#902 = LINE('',#903,#904);
#903 = CARTESIAN_POINT('',(-11.875,5.55E-15,12.5));
#904 = VECTOR('',#905,1.);
#905 = DIRECTION('',(0.,-1.,4.4E-16));
#906 = ORIENTED_EDGE('',*,*,#907,.T.);
#907 = EDGE_CURVE('',#900,#908,#910,.T.);
#908 = VERTEX_POINT('',#909);
#909 = CARTESIAN_POINT('',(-11.7125,-37.5,12.5));
#910 = LINE('',#911,#912);
#911 = CARTESIAN_POINT('',(-12.5,-37.5,12.5));
#912 = VECTOR('',#913,1.);
#913 = DIRECTION('',(1.,0.,0.));
#914 = ORIENTED_EDGE('',*,*,#915,.T.);
#915 = EDGE_CURVE('',#908,#916,#918,.T.);
#916 = VERTEX_POINT('',#917);
#917 = CARTESIAN_POINT('',(-11.7125,-25.,12.5));
#918 = LINE('',#919,#920);
#919 = CARTESIAN_POINT('',(-11.7125,-28.125,12.5));
#920 = VECTOR('',#921,1.);
#921 = DIRECTION('',(-0.,1.,-6.4E-16));
#922 = ORIENTED_EDGE('',*,*,#923,.T.);
#923 = EDGE_CURVE('',#916,#924,#926,.T.);
#924 = VERTEX_POINT('',#925);
#925 = CARTESIAN_POINT('',(-11.875,-25.,12.5));
#926 = LINE('',#927,#928);
#927 = CARTESIAN_POINT('',(-11.25,-25.,12.5));
#928 = VECTOR('',#929,1.);
#929 = DIRECTION('',(-1.,0.,0.));
#930 = ORIENTED_EDGE('',*,*,#931,.F.);
#931 = EDGE_CURVE('',#592,#924,#932,.T.);
#932 = LINE('',#933,#934);
#933 = CARTESIAN_POINT('',(-11.875,5.55E-15,12.5));
#934 = VECTOR('',#935,1.);
#935 = DIRECTION('',(0.,-1.,4.4E-16));
#936 = PLANE('',#937);
#937 = AXIS2_PLACEMENT_3D('',#938,#939,#940);
#938 = CARTESIAN_POINT('',(-12.12009803921,-31.25,12.5));
#939 = DIRECTION('',(5.16E-15,6.4E-16,1.));
#940 = DIRECTION('',(1.,0.,-5.16E-15));
#941 = ADVANCED_FACE('',(#942),#967,.T.);
#942 = FACE_BOUND('',#943,.T.);
#943 = EDGE_LOOP('',(#944,#952,#960,#966));
#944 = ORIENTED_EDGE('',*,*,#945,.T.);
#945 = EDGE_CURVE('',#246,#946,#948,.T.);
#946 = VERTEX_POINT('',#947);
#947 = CARTESIAN_POINT('',(11.249999778827,-62.25,3.54710417763));
#948 = LINE('',#949,#950);
#949 = CARTESIAN_POINT('',(11.249999778827,-62.5,3.54710417763));
#950 = VECTOR('',#951,1.);
#951 = DIRECTION('',(0.,1.,-2.2E-16));
#952 = ORIENTED_EDGE('',*,*,#953,.T.);
#953 = EDGE_CURVE('',#946,#954,#956,.T.);
#954 = VERTEX_POINT('',#955);
#955 = CARTESIAN_POINT('',(11.249999778827,-62.25,1.67210417763));
#956 = LINE('',#957,#958);
#957 = CARTESIAN_POINT('',(11.249999778827,-62.25,3.54710417763));
#958 = VECTOR('',#959,1.);
#959 = DIRECTION('',(0.,0.,-1.));
#960 = ORIENTED_EDGE('',*,*,#961,.F.);
#961 = EDGE_CURVE('',#248,#954,#962,.T.);
#962 = LINE('',#963,#964);
#963 = CARTESIAN_POINT('',(11.249999778827,-62.5,1.67210417763));
#964 = VECTOR('',#965,1.);
#965 = DIRECTION('',(0.,1.,-2.2E-16));
#966 = ORIENTED_EDGE('',*,*,#245,.F.);
#967 = PLANE('',#968);
#968 = AXIS2_PLACEMENT_3D('',#969,#970,#971);
#969 = CARTESIAN_POINT('',(11.249999778827,-62.5,3.54710417763));
#970 = DIRECTION('',(-1.,0.,0.));
#971 = DIRECTION('',(0.,-2.2E-16,-1.));
#972 = ADVANCED_FACE('',(#973),#992,.F.);
#973 = FACE_BOUND('',#974,.F.);
#974 = EDGE_LOOP('',(#975,#976,#985,#991));
#975 = ORIENTED_EDGE('',*,*,#945,.T.);
#976 = ORIENTED_EDGE('',*,*,#977,.T.);
#977 = EDGE_CURVE('',#946,#978,#980,.T.);
#978 = VERTEX_POINT('',#979);
#979 = CARTESIAN_POINT('',(9.999999778827,-62.25,3.54710417763));
#980 = CIRCLE('',#981,0.625);
#981 = AXIS2_PLACEMENT_3D('',#982,#983,#984);
#982 = CARTESIAN_POINT('',(10.624999778827,-62.25,3.54710417763));
#983 = DIRECTION('',(0.,-1.,0.));
#984 = DIRECTION('',(1.,0.,0.));
#985 = ORIENTED_EDGE('',*,*,#986,.F.);
#986 = EDGE_CURVE('',#256,#978,#987,.T.);
#987 = LINE('',#988,#989);
#988 = CARTESIAN_POINT('',(9.999999778827,-62.5,3.54710417763));
#989 = VECTOR('',#990,1.);
#990 = DIRECTION('',(0.,1.,-2.2E-16));
#991 = ORIENTED_EDGE('',*,*,#255,.F.);
#992 = CYLINDRICAL_SURFACE('',#993,0.625);
#993 = AXIS2_PLACEMENT_3D('',#994,#995,#996);
#994 = CARTESIAN_POINT('',(10.624999778827,-62.5,3.54710417763));
#995 = DIRECTION('',(0.,-1.,2.2E-16));
#996 = DIRECTION('',(1.,0.,0.));
#997 = ADVANCED_FACE('',(#998),#1017,.F.);
#998 = FACE_BOUND('',#999,.F.);
#999 = EDGE_LOOP('',(#1000,#1008,#1015,#1016));
#1000 = ORIENTED_EDGE('',*,*,#1001,.T.);
#1001 = EDGE_CURVE('',#265,#1002,#1004,.T.);
#1002 = VERTEX_POINT('',#1003);
#1003 = CARTESIAN_POINT('',(9.999999778827,-62.25,1.67210417763));
#1004 = LINE('',#1005,#1006);
#1005 = CARTESIAN_POINT('',(9.999999778827,-62.5,1.67210417763));
#1006 = VECTOR('',#1007,1.);
#1007 = DIRECTION('',(0.,1.,-2.2E-16));
#1008 = ORIENTED_EDGE('',*,*,#1009,.T.);
#1009 = EDGE_CURVE('',#1002,#954,#1010,.T.);
#1010 = CIRCLE('',#1011,0.625);
#1011 = AXIS2_PLACEMENT_3D('',#1012,#1013,#1014);
#1012 = CARTESIAN_POINT('',(10.624999778827,-62.25,1.67210417763));
#1013 = DIRECTION('',(0.,-1.,0.));
#1014 = DIRECTION('',(1.,0.,0.));
#1015 = ORIENTED_EDGE('',*,*,#961,.F.);
#1016 = ORIENTED_EDGE('',*,*,#272,.F.);
#1017 = CYLINDRICAL_SURFACE('',#1018,0.625);
#1018 = AXIS2_PLACEMENT_3D('',#1019,#1020,#1021);
#1019 = CARTESIAN_POINT('',(10.624999778827,-62.5,1.67210417763));
#1020 = DIRECTION('',(0.,-1.,2.2E-16));
#1021 = DIRECTION('',(1.,0.,0.));
#1022 = ADVANCED_FACE('',(#1023),#1034,.F.);
#1023 = FACE_BOUND('',#1024,.F.);
#1024 = EDGE_LOOP('',(#1025,#1026,#1032,#1033));
#1025 = ORIENTED_EDGE('',*,*,#986,.T.);
#1026 = ORIENTED_EDGE('',*,*,#1027,.T.);
#1027 = EDGE_CURVE('',#978,#1002,#1028,.T.);
#1028 = LINE('',#1029,#1030);
#1029 = CARTESIAN_POINT('',(9.999999778827,-62.25,3.54710417763));
#1030 = VECTOR('',#1031,1.);
#1031 = DIRECTION('',(0.,0.,-1.));
#1032 = ORIENTED_EDGE('',*,*,#1001,.F.);
#1033 = ORIENTED_EDGE('',*,*,#264,.F.);
#1034 = PLANE('',#1035);
#1035 = AXIS2_PLACEMENT_3D('',#1036,#1037,#1038);
#1036 = CARTESIAN_POINT('',(9.999999778827,-62.5,3.54710417763));
#1037 = DIRECTION('',(-1.,0.,0.));
#1038 = DIRECTION('',(0.,-2.2E-16,-1.));
#1039 = ADVANCED_FACE('',(#1040),#1046,.F.);
#1040 = FACE_BOUND('',#1041,.T.);
#1041 = EDGE_LOOP('',(#1042,#1043,#1044,#1045));
#1042 = ORIENTED_EDGE('',*,*,#479,.T.);
#1043 = ORIENTED_EDGE('',*,*,#456,.T.);
#1044 = ORIENTED_EDGE('',*,*,#433,.T.);
#1045 = ORIENTED_EDGE('',*,*,#410,.T.);
#1046 = PLANE('',#1047);
#1047 = AXIS2_PLACEMENT_3D('',#1048,#1049,#1050);
#1048 = CARTESIAN_POINT('',(8.309182548229,-46.25,-3.565817451771));
#1049 = DIRECTION('',(0.,1.,-2.2E-16));
#1050 = DIRECTION('',(-0.995291628343,-2.132363496691E-17,
    -9.692561348594E-02));
#1051 = ADVANCED_FACE('',(#1052),#1055,.T.);
#1052 = FACE_BOUND('',#1053,.T.);
#1053 = EDGE_LOOP('',(#1054));
#1054 = ORIENTED_EDGE('',*,*,#502,.T.);
#1055 = PLANE('',#1056);
#1056 = AXIS2_PLACEMENT_3D('',#1057,#1058,#1059);
#1057 = CARTESIAN_POINT('',(0.,-44.375,-12.5));
#1058 = DIRECTION('',(0.,-1.,-2.2E-16));
#1059 = DIRECTION('',(-1.,0.,0.));
#1060 = ADVANCED_FACE('',(#1061),#1087,.F.);
#1061 = FACE_BOUND('',#1062,.F.);
#1062 = EDGE_LOOP('',(#1063,#1071,#1080,#1086));
#1063 = ORIENTED_EDGE('',*,*,#1064,.T.);
#1064 = EDGE_CURVE('',#532,#1065,#1067,.T.);
#1065 = VERTEX_POINT('',#1066);
#1066 = CARTESIAN_POINT('',(-0.625,18.5,-20.625));
#1067 = LINE('',#1068,#1069);
#1068 = CARTESIAN_POINT('',(-0.625,18.75,-20.625));
#1069 = VECTOR('',#1070,1.);
#1070 = DIRECTION('',(0.,-1.,2.2E-16));
#1071 = ORIENTED_EDGE('',*,*,#1072,.T.);
#1072 = EDGE_CURVE('',#1065,#1073,#1075,.T.);
#1073 = VERTEX_POINT('',#1074);
#1074 = CARTESIAN_POINT('',(0.625,18.5,-20.625));
#1075 = CIRCLE('',#1076,0.625);
#1076 = AXIS2_PLACEMENT_3D('',#1077,#1078,#1079);
#1077 = CARTESIAN_POINT('',(0.,18.5,-20.625));
#1078 = DIRECTION('',(0.,1.,-0.));
#1079 = DIRECTION('',(-1.,0.,0.));
#1080 = ORIENTED_EDGE('',*,*,#1081,.F.);
#1081 = EDGE_CURVE('',#534,#1073,#1082,.T.);
#1082 = LINE('',#1083,#1084);
#1083 = CARTESIAN_POINT('',(0.625,18.75,-20.625));
#1084 = VECTOR('',#1085,1.);
#1085 = DIRECTION('',(0.,-1.,2.2E-16));
#1086 = ORIENTED_EDGE('',*,*,#531,.F.);
#1087 = CYLINDRICAL_SURFACE('',#1088,0.625);
#1088 = AXIS2_PLACEMENT_3D('',#1089,#1090,#1091);
#1089 = CARTESIAN_POINT('',(0.,18.75,-20.625));
#1090 = DIRECTION('',(0.,1.,-2.2E-16));
#1091 = DIRECTION('',(-1.,0.,0.));
#1092 = ADVANCED_FACE('',(#1093),#1111,.F.);
#1093 = FACE_BOUND('',#1094,.F.);
#1094 = EDGE_LOOP('',(#1095,#1096,#1104,#1110));
#1095 = ORIENTED_EDGE('',*,*,#1081,.T.);
#1096 = ORIENTED_EDGE('',*,*,#1097,.T.);
#1097 = EDGE_CURVE('',#1073,#1098,#1100,.T.);
#1098 = VERTEX_POINT('',#1099);
#1099 = CARTESIAN_POINT('',(0.625,18.5,-22.5));
#1100 = LINE('',#1101,#1102);
#1101 = CARTESIAN_POINT('',(0.625,18.5,-20.625));
#1102 = VECTOR('',#1103,1.);
#1103 = DIRECTION('',(0.,0.,-1.));
#1104 = ORIENTED_EDGE('',*,*,#1105,.F.);
#1105 = EDGE_CURVE('',#551,#1098,#1106,.T.);
#1106 = LINE('',#1107,#1108);
#1107 = CARTESIAN_POINT('',(0.625,18.75,-22.5));
#1108 = VECTOR('',#1109,1.);
#1109 = DIRECTION('',(0.,-1.,2.2E-16));
#1110 = ORIENTED_EDGE('',*,*,#559,.F.);
#1111 = PLANE('',#1112);
#1112 = AXIS2_PLACEMENT_3D('',#1113,#1114,#1115);
#1113 = CARTESIAN_POINT('',(0.625,18.75,-20.625));
#1114 = DIRECTION('',(1.,0.,0.));
#1115 = DIRECTION('',(0.,-2.2E-16,-1.));
#1116 = ADVANCED_FACE('',(#1117),#1136,.F.);
#1117 = FACE_BOUND('',#1118,.F.);
#1118 = EDGE_LOOP('',(#1119,#1120,#1129,#1135));
#1119 = ORIENTED_EDGE('',*,*,#1105,.T.);
#1120 = ORIENTED_EDGE('',*,*,#1121,.T.);
#1121 = EDGE_CURVE('',#1098,#1122,#1124,.T.);
#1122 = VERTEX_POINT('',#1123);
#1123 = CARTESIAN_POINT('',(-0.625,18.5,-22.5));
#1124 = CIRCLE('',#1125,0.625);
#1125 = AXIS2_PLACEMENT_3D('',#1126,#1127,#1128);
#1126 = CARTESIAN_POINT('',(0.,18.5,-22.5));
#1127 = DIRECTION('',(0.,1.,-0.));
#1128 = DIRECTION('',(-1.,0.,0.));
#1129 = ORIENTED_EDGE('',*,*,#1130,.F.);
#1130 = EDGE_CURVE('',#543,#1122,#1131,.T.);
#1131 = LINE('',#1132,#1133);
#1132 = CARTESIAN_POINT('',(-0.625,18.75,-22.5));
#1133 = VECTOR('',#1134,1.);
#1134 = DIRECTION('',(0.,-1.,2.2E-16));
#1135 = ORIENTED_EDGE('',*,*,#550,.F.);
#1136 = CYLINDRICAL_SURFACE('',#1137,0.625);
#1137 = AXIS2_PLACEMENT_3D('',#1138,#1139,#1140);
#1138 = CARTESIAN_POINT('',(0.,18.75,-22.5));
#1139 = DIRECTION('',(0.,1.,-2.2E-16));
#1140 = DIRECTION('',(-1.,0.,0.));
#1141 = ADVANCED_FACE('',(#1142),#1153,.T.);
#1142 = FACE_BOUND('',#1143,.T.);
#1143 = EDGE_LOOP('',(#1144,#1145,#1151,#1152));
#1144 = ORIENTED_EDGE('',*,*,#1064,.T.);
#1145 = ORIENTED_EDGE('',*,*,#1146,.T.);
#1146 = EDGE_CURVE('',#1065,#1122,#1147,.T.);
#1147 = LINE('',#1148,#1149);
#1148 = CARTESIAN_POINT('',(-0.625,18.5,-20.625));
#1149 = VECTOR('',#1150,1.);
#1150 = DIRECTION('',(0.,0.,-1.));
#1151 = ORIENTED_EDGE('',*,*,#1130,.F.);
#1152 = ORIENTED_EDGE('',*,*,#542,.F.);
#1153 = PLANE('',#1154);
#1154 = AXIS2_PLACEMENT_3D('',#1155,#1156,#1157);
#1155 = CARTESIAN_POINT('',(-0.625,18.75,-20.625));
#1156 = DIRECTION('',(1.,0.,0.));
#1157 = DIRECTION('',(0.,-2.2E-16,-1.));
#1158 = ADVANCED_FACE('',(#1159),#1171,.T.);
#1159 = FACE_BOUND('',#1160,.F.);
#1160 = EDGE_LOOP('',(#1161,#1162,#1163,#1170));
#1161 = ORIENTED_EDGE('',*,*,#599,.F.);
#1162 = ORIENTED_EDGE('',*,*,#801,.T.);
#1163 = ORIENTED_EDGE('',*,*,#1164,.F.);
#1164 = EDGE_CURVE('',#924,#802,#1165,.T.);
#1165 = CIRCLE('',#1166,11.875);
#1166 = AXIS2_PLACEMENT_3D('',#1167,#1168,#1169);
#1167 = CARTESIAN_POINT('',(0.,-25.,12.5));
#1168 = DIRECTION('',(0.,1.,-6.6E-16));
#1169 = DIRECTION('',(1.,0.,0.));
#1170 = ORIENTED_EDGE('',*,*,#931,.F.);
#1171 = CYLINDRICAL_SURFACE('',#1172,11.875);
#1172 = AXIS2_PLACEMENT_3D('',#1173,#1174,#1175);
#1173 = CARTESIAN_POINT('',(0.,5.55E-15,12.5));
#1174 = DIRECTION('',(0.,1.,-4.4E-16));
#1175 = DIRECTION('',(1.,0.,0.));
#1176 = ADVANCED_FACE('',(#1177),#1196,.F.);
#1177 = FACE_BOUND('',#1178,.F.);
#1178 = EDGE_LOOP('',(#1179,#1187,#1194,#1195));
#1179 = ORIENTED_EDGE('',*,*,#1180,.T.);
#1180 = EDGE_CURVE('',#619,#1181,#1183,.T.);
#1181 = VERTEX_POINT('',#1182);
#1182 = CARTESIAN_POINT('',(-1.5625,-0.125,2.5));
#1183 = LINE('',#1184,#1185);
#1184 = CARTESIAN_POINT('',(-1.5625,2.9375E-15,2.5));
#1185 = VECTOR('',#1186,1.);
#1186 = DIRECTION('',(-9.E-17,-1.,2.2E-16));
#1187 = ORIENTED_EDGE('',*,*,#1188,.T.);
#1188 = EDGE_CURVE('',#1181,#1181,#1189,.T.);
#1189 = CIRCLE('',#1190,0.3125);
#1190 = AXIS2_PLACEMENT_3D('',#1191,#1192,#1193);
#1191 = CARTESIAN_POINT('',(-1.25,-0.125,2.5));
#1192 = DIRECTION('',(0.,1.,-0.));
#1193 = DIRECTION('',(-1.,0.,0.));
#1194 = ORIENTED_EDGE('',*,*,#1180,.F.);
#1195 = ORIENTED_EDGE('',*,*,#618,.F.);
#1196 = CYLINDRICAL_SURFACE('',#1197,0.3125);
#1197 = AXIS2_PLACEMENT_3D('',#1198,#1199,#1200);
#1198 = CARTESIAN_POINT('',(-1.25,2.9125E-15,2.5));
#1199 = DIRECTION('',(9.E-17,1.,-2.2E-16));
#1200 = DIRECTION('',(-1.,9.E-17,-9.E-17));
#1201 = ADVANCED_FACE('',(#1202),#1221,.F.);
#1202 = FACE_BOUND('',#1203,.F.);
#1203 = EDGE_LOOP('',(#1204,#1212,#1219,#1220));
#1204 = ORIENTED_EDGE('',*,*,#1205,.T.);
#1205 = EDGE_CURVE('',#630,#1206,#1208,.T.);
#1206 = VERTEX_POINT('',#1207);
#1207 = CARTESIAN_POINT('',(-0.3125,-0.125,2.5));
#1208 = LINE('',#1209,#1210);
#1209 = CARTESIAN_POINT('',(-0.3125,2.8375E-15,2.5));
#1210 = VECTOR('',#1211,1.);
#1211 = DIRECTION('',(-9.E-17,-1.,2.2E-16));
#1212 = ORIENTED_EDGE('',*,*,#1213,.T.);
#1213 = EDGE_CURVE('',#1206,#1206,#1214,.T.);
#1214 = CIRCLE('',#1215,0.3125);
#1215 = AXIS2_PLACEMENT_3D('',#1216,#1217,#1218);
#1216 = CARTESIAN_POINT('',(0.,-0.125,2.5));
#1217 = DIRECTION('',(0.,1.,-0.));
#1218 = DIRECTION('',(-1.,0.,0.));
#1219 = ORIENTED_EDGE('',*,*,#1205,.F.);
#1220 = ORIENTED_EDGE('',*,*,#629,.F.);
#1221 = CYLINDRICAL_SURFACE('',#1222,0.3125);
#1222 = AXIS2_PLACEMENT_3D('',#1223,#1224,#1225);
#1223 = CARTESIAN_POINT('',(-2.125E-16,2.8E-15,2.5));
#1224 = DIRECTION('',(9.E-17,1.,-2.2E-16));
#1225 = DIRECTION('',(-1.,9.E-17,-9.E-17));
#1226 = ADVANCED_FACE('',(#1227),#1246,.F.);
#1227 = FACE_BOUND('',#1228,.F.);
#1228 = EDGE_LOOP('',(#1229,#1237,#1244,#1245));
#1229 = ORIENTED_EDGE('',*,*,#1230,.T.);
#1230 = EDGE_CURVE('',#641,#1231,#1233,.T.);
#1231 = VERTEX_POINT('',#1232);
#1232 = CARTESIAN_POINT('',(0.9375,-0.125,2.5));
#1233 = LINE('',#1234,#1235);
#1234 = CARTESIAN_POINT('',(0.9375,2.725E-15,2.5));
#1235 = VECTOR('',#1236,1.);
#1236 = DIRECTION('',(-9.E-17,-1.,2.2E-16));
#1237 = ORIENTED_EDGE('',*,*,#1238,.T.);
#1238 = EDGE_CURVE('',#1231,#1231,#1239,.T.);
#1239 = CIRCLE('',#1240,0.3125);
#1240 = AXIS2_PLACEMENT_3D('',#1241,#1242,#1243);
#1241 = CARTESIAN_POINT('',(1.25,-0.125,2.5));
#1242 = DIRECTION('',(0.,1.,-0.));
#1243 = DIRECTION('',(-1.,0.,0.));
#1244 = ORIENTED_EDGE('',*,*,#1230,.F.);
#1245 = ORIENTED_EDGE('',*,*,#640,.F.);
#1246 = CYLINDRICAL_SURFACE('',#1247,0.3125);
#1247 = AXIS2_PLACEMENT_3D('',#1248,#1249,#1250);
#1248 = CARTESIAN_POINT('',(1.25,2.7E-15,2.5));
#1249 = DIRECTION('',(9.E-17,1.,-2.2E-16));
#1250 = DIRECTION('',(-1.,9.E-17,-9.E-17));
#1251 = ADVANCED_FACE('',(#1252),#1278,.F.);
#1252 = FACE_BOUND('',#1253,.F.);
#1253 = EDGE_LOOP('',(#1254,#1262,#1271,#1277));
#1254 = ORIENTED_EDGE('',*,*,#1255,.T.);
#1255 = EDGE_CURVE('',#652,#1256,#1258,.T.);
#1256 = VERTEX_POINT('',#1257);
#1257 = CARTESIAN_POINT('',(2.5,-2.5,8.75));
#1258 = LINE('',#1259,#1260);
#1259 = CARTESIAN_POINT('',(2.5,4.142890293094E-15,8.75));
#1260 = VECTOR('',#1261,1.);
#1261 = DIRECTION('',(0.,-1.,2.22044604925E-16));
#1262 = ORIENTED_EDGE('',*,*,#1263,.T.);
#1263 = EDGE_CURVE('',#1256,#1264,#1266,.T.);
#1264 = VERTEX_POINT('',#1265);
#1265 = CARTESIAN_POINT('',(2.5,-2.5,6.25));
#1266 = CIRCLE('',#1267,1.25);
#1267 = AXIS2_PLACEMENT_3D('',#1268,#1269,#1270);
#1268 = CARTESIAN_POINT('',(2.5,-2.5,7.5));
#1269 = DIRECTION('',(0.,1.,-2.22044604925E-16));
#1270 = DIRECTION('',(-1.,0.,0.));
#1271 = ORIENTED_EDGE('',*,*,#1272,.F.);
#1272 = EDGE_CURVE('',#654,#1264,#1273,.T.);
#1273 = LINE('',#1274,#1275);
#1274 = CARTESIAN_POINT('',(2.5,3.587778780781E-15,6.25));
#1275 = VECTOR('',#1276,1.);
#1276 = DIRECTION('',(0.,-1.,2.22044604925E-16));
#1277 = ORIENTED_EDGE('',*,*,#651,.F.);
#1278 = CYLINDRICAL_SURFACE('',#1279,1.25);
#1279 = AXIS2_PLACEMENT_3D('',#1280,#1281,#1282);
#1280 = CARTESIAN_POINT('',(2.5,3.865334536938E-15,7.5));
#1281 = DIRECTION('',(0.,1.,-2.22044604925E-16));
#1282 = DIRECTION('',(-1.,0.,0.));
#1283 = ADVANCED_FACE('',(#1284),#1302,.F.);
#1284 = FACE_BOUND('',#1285,.F.);
#1285 = EDGE_LOOP('',(#1286,#1287,#1295,#1301));
#1286 = ORIENTED_EDGE('',*,*,#1272,.T.);
#1287 = ORIENTED_EDGE('',*,*,#1288,.T.);
#1288 = EDGE_CURVE('',#1264,#1289,#1291,.T.);
#1289 = VERTEX_POINT('',#1290);
#1290 = CARTESIAN_POINT('',(-2.5,-2.5,6.25));
#1291 = LINE('',#1292,#1293);
#1292 = CARTESIAN_POINT('',(2.5,-2.5,6.25));
#1293 = VECTOR('',#1294,1.);
#1294 = DIRECTION('',(-1.,0.,0.));
#1295 = ORIENTED_EDGE('',*,*,#1296,.F.);
#1296 = EDGE_CURVE('',#671,#1289,#1297,.T.);
#1297 = LINE('',#1298,#1299);
#1298 = CARTESIAN_POINT('',(-2.5,3.587778780781E-15,6.25));
#1299 = VECTOR('',#1300,1.);
#1300 = DIRECTION('',(0.,-1.,2.22044604925E-16));
#1301 = ORIENTED_EDGE('',*,*,#679,.F.);
#1302 = PLANE('',#1303);
#1303 = AXIS2_PLACEMENT_3D('',#1304,#1305,#1306);
#1304 = CARTESIAN_POINT('',(2.5,3.587778780781E-15,6.25));
#1305 = DIRECTION('',(-0.,-2.22044604925E-16,-1.));
#1306 = DIRECTION('',(-1.,0.,0.));
#1307 = ADVANCED_FACE('',(#1308),#1327,.F.);
#1308 = FACE_BOUND('',#1309,.F.);
#1309 = EDGE_LOOP('',(#1310,#1311,#1320,#1326));
#1310 = ORIENTED_EDGE('',*,*,#1296,.T.);
#1311 = ORIENTED_EDGE('',*,*,#1312,.T.);
#1312 = EDGE_CURVE('',#1289,#1313,#1315,.T.);
#1313 = VERTEX_POINT('',#1314);
#1314 = CARTESIAN_POINT('',(-2.5,-2.5,8.75));
#1315 = CIRCLE('',#1316,1.25);
#1316 = AXIS2_PLACEMENT_3D('',#1317,#1318,#1319);
#1317 = CARTESIAN_POINT('',(-2.5,-2.5,7.5));
#1318 = DIRECTION('',(0.,1.,-2.22044604925E-16));
#1319 = DIRECTION('',(-1.,0.,0.));
#1320 = ORIENTED_EDGE('',*,*,#1321,.F.);
#1321 = EDGE_CURVE('',#663,#1313,#1322,.T.);
#1322 = LINE('',#1323,#1324);
#1323 = CARTESIAN_POINT('',(-2.5,4.142890293094E-15,8.75));
#1324 = VECTOR('',#1325,1.);
#1325 = DIRECTION('',(0.,-1.,2.22044604925E-16));
#1326 = ORIENTED_EDGE('',*,*,#670,.F.);
#1327 = CYLINDRICAL_SURFACE('',#1328,1.25);
#1328 = AXIS2_PLACEMENT_3D('',#1329,#1330,#1331);
#1329 = CARTESIAN_POINT('',(-2.5,3.865334536938E-15,7.5));
#1330 = DIRECTION('',(0.,1.,-2.22044604925E-16));
#1331 = DIRECTION('',(-1.,0.,0.));
#1332 = ADVANCED_FACE('',(#1333),#1344,.T.);
#1333 = FACE_BOUND('',#1334,.T.);
#1334 = EDGE_LOOP('',(#1335,#1336,#1342,#1343));
#1335 = ORIENTED_EDGE('',*,*,#1255,.T.);
#1336 = ORIENTED_EDGE('',*,*,#1337,.T.);
#1337 = EDGE_CURVE('',#1256,#1313,#1338,.T.);
#1338 = LINE('',#1339,#1340);
#1339 = CARTESIAN_POINT('',(2.5,-2.5,8.75));
#1340 = VECTOR('',#1341,1.);
#1341 = DIRECTION('',(-1.,0.,0.));
#1342 = ORIENTED_EDGE('',*,*,#1321,.F.);
#1343 = ORIENTED_EDGE('',*,*,#662,.F.);
#1344 = PLANE('',#1345);
#1345 = AXIS2_PLACEMENT_3D('',#1346,#1347,#1348);
#1346 = CARTESIAN_POINT('',(2.5,4.142890293094E-15,8.75));
#1347 = DIRECTION('',(-0.,-2.22044604925E-16,-1.));
#1348 = DIRECTION('',(-1.,0.,0.));
#1349 = ADVANCED_FACE('',(#1350),#1374,.T.);
#1350 = FACE_BOUND('',#1351,.T.);
#1351 = EDGE_LOOP('',(#1352,#1353,#1360,#1369));
#1352 = ORIENTED_EDGE('',*,*,#687,.T.);
#1353 = ORIENTED_EDGE('',*,*,#1354,.T.);
#1354 = EDGE_CURVE('',#690,#1355,#1357,.T.);
#1355 = VERTEX_POINT('',#1356);
#1356 = CARTESIAN_POINT('',(5.,0.625,12.727481396416));
#1357 = B_SPLINE_CURVE_WITH_KNOTS('',1,(#1358,#1359),.UNSPECIFIED.,.F.,
  .F.,(2,2),(0.,1.),.PIECEWISE_BEZIER_KNOTS.);
#1358 = CARTESIAN_POINT('',(5.,2.2E-15,12.5));
#1359 = CARTESIAN_POINT('',(5.,0.625,12.727481396416));
#1360 = ORIENTED_EDGE('',*,*,#1361,.F.);
#1361 = EDGE_CURVE('',#1362,#1355,#1364,.T.);
#1362 = VERTEX_POINT('',#1363);
#1363 = CARTESIAN_POINT('',(5.,0.625,17.272518603584));
#1364 = CIRCLE('',#1365,2.272518603584);
#1365 = AXIS2_PLACEMENT_3D('',#1366,#1367,#1368);
#1366 = CARTESIAN_POINT('',(5.,0.625,15.));
#1367 = DIRECTION('',(-0.,1.,0.));
#1368 = DIRECTION('',(1.,0.,0.));
#1369 = ORIENTED_EDGE('',*,*,#1370,.F.);
#1370 = EDGE_CURVE('',#688,#1362,#1371,.T.);
#1371 = B_SPLINE_CURVE_WITH_KNOTS('',1,(#1372,#1373),.UNSPECIFIED.,.F.,
  .F.,(2,2),(0.,1.),.PIECEWISE_BEZIER_KNOTS.);
#1372 = CARTESIAN_POINT('',(5.,2.2E-15,17.5));
#1373 = CARTESIAN_POINT('',(5.,0.625,17.272518603584));
#1374 = CONICAL_SURFACE('',#1375,2.5,0.349065850399);
#1375 = AXIS2_PLACEMENT_3D('',#1376,#1377,#1378);
#1376 = CARTESIAN_POINT('',(5.,2.2E-15,15.));
#1377 = DIRECTION('',(0.,-1.,0.));
#1378 = DIRECTION('',(1.,0.,0.));
#1379 = ADVANCED_FACE('',(#1380),#1397,.T.);
#1380 = FACE_BOUND('',#1381,.T.);
#1381 = EDGE_LOOP('',(#1382,#1383,#1384,#1392));
#1382 = ORIENTED_EDGE('',*,*,#698,.F.);
#1383 = ORIENTED_EDGE('',*,*,#1370,.T.);
#1384 = ORIENTED_EDGE('',*,*,#1385,.T.);
#1385 = EDGE_CURVE('',#1362,#1386,#1388,.T.);
#1386 = VERTEX_POINT('',#1387);
#1387 = CARTESIAN_POINT('',(-5.,0.625,17.272518603584));
#1388 = LINE('',#1389,#1390);
#1389 = CARTESIAN_POINT('',(5.,0.625,17.272518603584));
#1390 = VECTOR('',#1391,1.);
#1391 = DIRECTION('',(-1.,0.,0.));
#1392 = ORIENTED_EDGE('',*,*,#1393,.F.);
#1393 = EDGE_CURVE('',#699,#1386,#1394,.T.);
#1394 = B_SPLINE_CURVE_WITH_KNOTS('',1,(#1395,#1396),.UNSPECIFIED.,.F.,
  .F.,(2,2),(0.,1.),.PIECEWISE_BEZIER_KNOTS.);
#1395 = CARTESIAN_POINT('',(-5.,2.2E-15,17.5));
#1396 = CARTESIAN_POINT('',(-5.,0.625,17.272518603584));
#1397 = PLANE('',#1398);
#1398 = AXIS2_PLACEMENT_3D('',#1399,#1400,#1401);
#1399 = CARTESIAN_POINT('',(5.,0.625,17.272518603584));
#1400 = DIRECTION('',(0.,0.342020143326,0.939692620786));
#1401 = DIRECTION('',(1.,0.,0.));
#1402 = ADVANCED_FACE('',(#1403),#1420,.T.);
#1403 = FACE_BOUND('',#1404,.T.);
#1404 = EDGE_LOOP('',(#1405,#1406,#1413,#1419));
#1405 = ORIENTED_EDGE('',*,*,#715,.T.);
#1406 = ORIENTED_EDGE('',*,*,#1407,.T.);
#1407 = EDGE_CURVE('',#707,#1408,#1410,.T.);
#1408 = VERTEX_POINT('',#1409);
#1409 = CARTESIAN_POINT('',(-5.,0.625,12.727481396416));
#1410 = B_SPLINE_CURVE_WITH_KNOTS('',1,(#1411,#1412),.UNSPECIFIED.,.F.,
  .F.,(2,2),(0.,1.),.PIECEWISE_BEZIER_KNOTS.);
#1411 = CARTESIAN_POINT('',(-5.,2.2E-15,12.5));
#1412 = CARTESIAN_POINT('',(-5.,0.625,12.727481396416));
#1413 = ORIENTED_EDGE('',*,*,#1414,.F.);
#1414 = EDGE_CURVE('',#1355,#1408,#1415,.T.);
#1415 = LINE('',#1416,#1417);
#1416 = CARTESIAN_POINT('',(5.,0.625,12.727481396416));
#1417 = VECTOR('',#1418,1.);
#1418 = DIRECTION('',(-1.,0.,0.));
#1419 = ORIENTED_EDGE('',*,*,#1354,.F.);
#1420 = PLANE('',#1421);
#1421 = AXIS2_PLACEMENT_3D('',#1422,#1423,#1424);
#1422 = CARTESIAN_POINT('',(5.,0.625,12.727481396416));
#1423 = DIRECTION('',(-0.,0.342020143326,-0.939692620786));
#1424 = DIRECTION('',(-1.,0.,0.));
#1425 = ADVANCED_FACE('',(#1426),#1438,.T.);
#1426 = FACE_BOUND('',#1427,.T.);
#1427 = EDGE_LOOP('',(#1428,#1429,#1430,#1437));
#1428 = ORIENTED_EDGE('',*,*,#706,.T.);
#1429 = ORIENTED_EDGE('',*,*,#1393,.T.);
#1430 = ORIENTED_EDGE('',*,*,#1431,.F.);
#1431 = EDGE_CURVE('',#1408,#1386,#1432,.T.);
#1432 = CIRCLE('',#1433,2.272518603584);
#1433 = AXIS2_PLACEMENT_3D('',#1434,#1435,#1436);
#1434 = CARTESIAN_POINT('',(-5.,0.625,15.));
#1435 = DIRECTION('',(-0.,1.,0.));
#1436 = DIRECTION('',(1.,0.,0.));
#1437 = ORIENTED_EDGE('',*,*,#1407,.F.);
#1438 = CONICAL_SURFACE('',#1439,2.5,0.349065850399);
#1439 = AXIS2_PLACEMENT_3D('',#1440,#1441,#1442);
#1440 = CARTESIAN_POINT('',(-5.,2.2E-15,15.));
#1441 = DIRECTION('',(0.,-1.,0.));
#1442 = DIRECTION('',(1.,0.,0.));
#1443 = ADVANCED_FACE('',(#1444),#1469,.F.);
#1444 = FACE_BOUND('',#1445,.F.);
#1445 = EDGE_LOOP('',(#1446,#1454,#1462,#1468));
#1446 = ORIENTED_EDGE('',*,*,#1447,.T.);
#1447 = EDGE_CURVE('',#724,#1448,#1450,.T.);
#1448 = VERTEX_POINT('',#1449);
#1449 = CARTESIAN_POINT('',(3.75,-0.125,21.5625));
#1450 = LINE('',#1451,#1452);
#1451 = CARTESIAN_POINT('',(3.75,6.9875E-15,21.5625));
#1452 = VECTOR('',#1453,1.);
#1453 = DIRECTION('',(0.,-1.,2.2E-16));
#1454 = ORIENTED_EDGE('',*,*,#1455,.T.);
#1455 = EDGE_CURVE('',#1448,#1456,#1458,.T.);
#1456 = VERTEX_POINT('',#1457);
#1457 = CARTESIAN_POINT('',(3.75,-0.125,20.3125));
#1458 = LINE('',#1459,#1460);
#1459 = CARTESIAN_POINT('',(3.75,-0.125,21.5625));
#1460 = VECTOR('',#1461,1.);
#1461 = DIRECTION('',(0.,0.,-1.));
#1462 = ORIENTED_EDGE('',*,*,#1463,.F.);
#1463 = EDGE_CURVE('',#726,#1456,#1464,.T.);
#1464 = LINE('',#1465,#1466);
#1465 = CARTESIAN_POINT('',(3.75,6.7125E-15,20.3125));
#1466 = VECTOR('',#1467,1.);
#1467 = DIRECTION('',(0.,-1.,2.2E-16));
#1468 = ORIENTED_EDGE('',*,*,#723,.F.);
#1469 = PLANE('',#1470);
#1470 = AXIS2_PLACEMENT_3D('',#1471,#1472,#1473);
#1471 = CARTESIAN_POINT('',(3.75,6.9875E-15,21.5625));
#1472 = DIRECTION('',(1.,0.,0.));
#1473 = DIRECTION('',(0.,-2.2E-16,-1.));
#1474 = ADVANCED_FACE('',(#1475),#1494,.F.);
#1475 = FACE_BOUND('',#1476,.F.);
#1476 = EDGE_LOOP('',(#1477,#1485,#1492,#1493));
#1477 = ORIENTED_EDGE('',*,*,#1478,.T.);
#1478 = EDGE_CURVE('',#734,#1479,#1481,.T.);
#1479 = VERTEX_POINT('',#1480);
#1480 = CARTESIAN_POINT('',(3.4375,-0.125,21.875));
#1481 = LINE('',#1482,#1483);
#1482 = CARTESIAN_POINT('',(3.4375,7.0625E-15,21.875));
#1483 = VECTOR('',#1484,1.);
#1484 = DIRECTION('',(0.,-1.,2.2E-16));
#1485 = ORIENTED_EDGE('',*,*,#1486,.T.);
#1486 = EDGE_CURVE('',#1479,#1448,#1487,.T.);
#1487 = CIRCLE('',#1488,0.3125);
#1488 = AXIS2_PLACEMENT_3D('',#1489,#1490,#1491);
#1489 = CARTESIAN_POINT('',(3.4375,-0.125,21.5625));
#1490 = DIRECTION('',(0.,1.,-0.));
#1491 = DIRECTION('',(-1.,0.,0.));
#1492 = ORIENTED_EDGE('',*,*,#1447,.F.);
#1493 = ORIENTED_EDGE('',*,*,#733,.F.);
#1494 = CYLINDRICAL_SURFACE('',#1495,0.3125);
#1495 = AXIS2_PLACEMENT_3D('',#1496,#1497,#1498);
#1496 = CARTESIAN_POINT('',(3.4375,6.9875E-15,21.5625));
#1497 = DIRECTION('',(0.,1.,-2.2E-16));
#1498 = DIRECTION('',(-1.,0.,0.));
#1499 = ADVANCED_FACE('',(#1500),#1519,.F.);
#1500 = FACE_BOUND('',#1501,.F.);
#1501 = EDGE_LOOP('',(#1502,#1503,#1512,#1518));
#1502 = ORIENTED_EDGE('',*,*,#1463,.T.);
#1503 = ORIENTED_EDGE('',*,*,#1504,.T.);
#1504 = EDGE_CURVE('',#1456,#1505,#1507,.T.);
#1505 = VERTEX_POINT('',#1506);
#1506 = CARTESIAN_POINT('',(3.4375,-0.125,20.));
#1507 = CIRCLE('',#1508,0.3125);
#1508 = AXIS2_PLACEMENT_3D('',#1509,#1510,#1511);
#1509 = CARTESIAN_POINT('',(3.4375,-0.125,20.3125));
#1510 = DIRECTION('',(0.,1.,-0.));
#1511 = DIRECTION('',(-1.,0.,0.));
#1512 = ORIENTED_EDGE('',*,*,#1513,.F.);
#1513 = EDGE_CURVE('',#777,#1505,#1514,.T.);
#1514 = LINE('',#1515,#1516);
#1515 = CARTESIAN_POINT('',(3.4375,6.6375E-15,20.));
#1516 = VECTOR('',#1517,1.);
#1517 = DIRECTION('',(0.,-1.,2.2E-16));
#1518 = ORIENTED_EDGE('',*,*,#784,.F.);
#1519 = CYLINDRICAL_SURFACE('',#1520,0.3125);
#1520 = AXIS2_PLACEMENT_3D('',#1521,#1522,#1523);
#1521 = CARTESIAN_POINT('',(3.4375,6.7125E-15,20.3125));
#1522 = DIRECTION('',(0.,1.,-2.2E-16));
#1523 = DIRECTION('',(-1.,0.,0.));
#1524 = ADVANCED_FACE('',(#1525),#1543,.F.);
#1525 = FACE_BOUND('',#1526,.F.);
#1526 = EDGE_LOOP('',(#1527,#1535,#1541,#1542));
#1527 = ORIENTED_EDGE('',*,*,#1528,.T.);
#1528 = EDGE_CURVE('',#743,#1529,#1531,.T.);
#1529 = VERTEX_POINT('',#1530);
#1530 = CARTESIAN_POINT('',(-3.4375,-0.125,21.875));
#1531 = LINE('',#1532,#1533);
#1532 = CARTESIAN_POINT('',(-3.4375,7.0625E-15,21.875));
#1533 = VECTOR('',#1534,1.);
#1534 = DIRECTION('',(0.,-1.,2.2E-16));
#1535 = ORIENTED_EDGE('',*,*,#1536,.T.);
#1536 = EDGE_CURVE('',#1529,#1479,#1537,.T.);
#1537 = LINE('',#1538,#1539);
#1538 = CARTESIAN_POINT('',(-3.4375,-0.125,21.875));
#1539 = VECTOR('',#1540,1.);
#1540 = DIRECTION('',(1.,0.,0.));
#1541 = ORIENTED_EDGE('',*,*,#1478,.F.);
#1542 = ORIENTED_EDGE('',*,*,#742,.F.);
#1543 = PLANE('',#1544);
#1544 = AXIS2_PLACEMENT_3D('',#1545,#1546,#1547);
#1545 = CARTESIAN_POINT('',(-3.4375,7.0625E-15,21.875));
#1546 = DIRECTION('',(0.,2.2E-16,1.));
#1547 = DIRECTION('',(1.,0.,0.));
#1548 = ADVANCED_FACE('',(#1549),#1567,.F.);
#1549 = FACE_BOUND('',#1550,.F.);
#1550 = EDGE_LOOP('',(#1551,#1552,#1560,#1566));
#1551 = ORIENTED_EDGE('',*,*,#1513,.T.);
#1552 = ORIENTED_EDGE('',*,*,#1553,.T.);
#1553 = EDGE_CURVE('',#1505,#1554,#1556,.T.);
#1554 = VERTEX_POINT('',#1555);
#1555 = CARTESIAN_POINT('',(-3.4375,-0.125,20.));
#1556 = LINE('',#1557,#1558);
#1557 = CARTESIAN_POINT('',(3.4375,-0.125,20.));
#1558 = VECTOR('',#1559,1.);
#1559 = DIRECTION('',(-1.,0.,0.));
#1560 = ORIENTED_EDGE('',*,*,#1561,.F.);
#1561 = EDGE_CURVE('',#768,#1554,#1562,.T.);
#1562 = LINE('',#1563,#1564);
#1563 = CARTESIAN_POINT('',(-3.4375,6.6375E-15,20.));
#1564 = VECTOR('',#1565,1.);
#1565 = DIRECTION('',(0.,-1.,2.2E-16));
#1566 = ORIENTED_EDGE('',*,*,#776,.F.);
#1567 = PLANE('',#1568);
#1568 = AXIS2_PLACEMENT_3D('',#1569,#1570,#1571);
#1569 = CARTESIAN_POINT('',(3.4375,6.6375E-15,20.));
#1570 = DIRECTION('',(-0.,-2.2E-16,-1.));
#1571 = DIRECTION('',(-1.,0.,0.));
#1572 = ADVANCED_FACE('',(#1573),#1592,.F.);
#1573 = FACE_BOUND('',#1574,.F.);
#1574 = EDGE_LOOP('',(#1575,#1583,#1590,#1591));
#1575 = ORIENTED_EDGE('',*,*,#1576,.T.);
#1576 = EDGE_CURVE('',#751,#1577,#1579,.T.);
#1577 = VERTEX_POINT('',#1578);
#1578 = CARTESIAN_POINT('',(-3.75,-0.125,21.5625));
#1579 = LINE('',#1580,#1581);
#1580 = CARTESIAN_POINT('',(-3.75,6.9875E-15,21.5625));
#1581 = VECTOR('',#1582,1.);
#1582 = DIRECTION('',(0.,-1.,2.2E-16));
#1583 = ORIENTED_EDGE('',*,*,#1584,.T.);
#1584 = EDGE_CURVE('',#1577,#1529,#1585,.T.);
#1585 = CIRCLE('',#1586,0.3125);
#1586 = AXIS2_PLACEMENT_3D('',#1587,#1588,#1589);
#1587 = CARTESIAN_POINT('',(-3.4375,-0.125,21.5625));
#1588 = DIRECTION('',(0.,1.,-0.));
#1589 = DIRECTION('',(-1.,0.,0.));
#1590 = ORIENTED_EDGE('',*,*,#1528,.F.);
#1591 = ORIENTED_EDGE('',*,*,#750,.F.);
#1592 = CYLINDRICAL_SURFACE('',#1593,0.3125);
#1593 = AXIS2_PLACEMENT_3D('',#1594,#1595,#1596);
#1594 = CARTESIAN_POINT('',(-3.4375,6.9875E-15,21.5625));
#1595 = DIRECTION('',(0.,1.,-2.2E-16));
#1596 = DIRECTION('',(-1.,0.,0.));
#1597 = ADVANCED_FACE('',(#1598),#1617,.F.);
#1598 = FACE_BOUND('',#1599,.F.);
#1599 = EDGE_LOOP('',(#1600,#1601,#1610,#1616));
#1600 = ORIENTED_EDGE('',*,*,#1561,.T.);
#1601 = ORIENTED_EDGE('',*,*,#1602,.T.);
#1602 = EDGE_CURVE('',#1554,#1603,#1605,.T.);
#1603 = VERTEX_POINT('',#1604);
#1604 = CARTESIAN_POINT('',(-3.75,-0.125,20.3125));
#1605 = CIRCLE('',#1606,0.3125);
#1606 = AXIS2_PLACEMENT_3D('',#1607,#1608,#1609);
#1607 = CARTESIAN_POINT('',(-3.4375,-0.125,20.3125));
#1608 = DIRECTION('',(0.,1.,-0.));
#1609 = DIRECTION('',(-1.,0.,0.));
#1610 = ORIENTED_EDGE('',*,*,#1611,.F.);
#1611 = EDGE_CURVE('',#760,#1603,#1612,.T.);
#1612 = LINE('',#1613,#1614);
#1613 = CARTESIAN_POINT('',(-3.75,6.7125E-15,20.3125));
#1614 = VECTOR('',#1615,1.);
#1615 = DIRECTION('',(0.,-1.,2.2E-16));
#1616 = ORIENTED_EDGE('',*,*,#767,.F.);
#1617 = CYLINDRICAL_SURFACE('',#1618,0.3125);
#1618 = AXIS2_PLACEMENT_3D('',#1619,#1620,#1621);
#1619 = CARTESIAN_POINT('',(-3.4375,6.7125E-15,20.3125));
#1620 = DIRECTION('',(0.,1.,-2.2E-16));
#1621 = DIRECTION('',(-1.,0.,0.));
#1622 = ADVANCED_FACE('',(#1623),#1634,.F.);
#1623 = FACE_BOUND('',#1624,.F.);
#1624 = EDGE_LOOP('',(#1625,#1626,#1632,#1633));
#1625 = ORIENTED_EDGE('',*,*,#1611,.T.);
#1626 = ORIENTED_EDGE('',*,*,#1627,.T.);
#1627 = EDGE_CURVE('',#1603,#1577,#1628,.T.);
#1628 = LINE('',#1629,#1630);
#1629 = CARTESIAN_POINT('',(-3.75,-0.125,20.3125));
#1630 = VECTOR('',#1631,1.);
#1631 = DIRECTION('',(0.,0.,1.));
#1632 = ORIENTED_EDGE('',*,*,#1576,.F.);
#1633 = ORIENTED_EDGE('',*,*,#759,.F.);
#1634 = PLANE('',#1635);
#1635 = AXIS2_PLACEMENT_3D('',#1636,#1637,#1638);
#1636 = CARTESIAN_POINT('',(-3.75,6.7125E-15,20.3125));
#1637 = DIRECTION('',(-1.,0.,0.));
#1638 = DIRECTION('',(0.,2.2E-16,1.));
#1639 = ADVANCED_FACE('',(#1640),#1652,.T.);
#1640 = FACE_BOUND('',#1641,.T.);
#1641 = EDGE_LOOP('',(#1642,#1643,#1644,#1651));
#1642 = ORIENTED_EDGE('',*,*,#856,.F.);
#1643 = ORIENTED_EDGE('',*,*,#841,.T.);
#1644 = ORIENTED_EDGE('',*,*,#1645,.T.);
#1645 = EDGE_CURVE('',#834,#892,#1646,.T.);
#1646 = CIRCLE('',#1647,11.875);
#1647 = AXIS2_PLACEMENT_3D('',#1648,#1649,#1650);
#1648 = CARTESIAN_POINT('',(0.,-62.5,12.5));
#1649 = DIRECTION('',(0.,-1.,0.));
#1650 = DIRECTION('',(1.,0.,0.));
#1651 = ORIENTED_EDGE('',*,*,#891,.F.);
#1652 = PLANE('',#1653);
#1653 = AXIS2_PLACEMENT_3D('',#1654,#1655,#1656);
#1654 = CARTESIAN_POINT('',(-1.75E-15,-62.5,12.5));
#1655 = DIRECTION('',(2.4E-16,1.,-4.2E-16));
#1656 = DIRECTION('',(0.,4.2E-16,1.));
#1657 = ADVANCED_FACE('',(#1658),#1670,.T.);
#1658 = FACE_BOUND('',#1659,.F.);
#1659 = EDGE_LOOP('',(#1660,#1667,#1668,#1669));
#1660 = ORIENTED_EDGE('',*,*,#1661,.T.);
#1661 = EDGE_CURVE('',#900,#826,#1662,.T.);
#1662 = CIRCLE('',#1663,11.875);
#1663 = AXIS2_PLACEMENT_3D('',#1664,#1665,#1666);
#1664 = CARTESIAN_POINT('',(0.,-37.5,12.5));
#1665 = DIRECTION('',(0.,1.,-6.6E-16));
#1666 = DIRECTION('',(1.,0.,0.));
#1667 = ORIENTED_EDGE('',*,*,#833,.T.);
#1668 = ORIENTED_EDGE('',*,*,#1645,.T.);
#1669 = ORIENTED_EDGE('',*,*,#899,.F.);
#1670 = CYLINDRICAL_SURFACE('',#1671,11.875);
#1671 = AXIS2_PLACEMENT_3D('',#1672,#1673,#1674);
#1672 = CARTESIAN_POINT('',(0.,5.55E-15,12.5));
#1673 = DIRECTION('',(0.,1.,-4.4E-16));
#1674 = DIRECTION('',(1.,0.,0.));
#1675 = ADVANCED_FACE('',(#1676),#1918,.T.);
#1676 = FACE_BOUND('',#1677,.T.);
#1677 = EDGE_LOOP('',(#1678,#1679,#1680,#1681,#1689,#1697,#1706,#1714,
    #1722,#1730,#1739,#1747,#1755,#1763,#1772,#1780,#1788,#1796,#1805,
    #1813,#1821,#1829,#1838,#1846,#1854,#1862,#1871,#1879,#1887,#1895,
    #1904,#1912));
#1678 = ORIENTED_EDGE('',*,*,#907,.F.);
#1679 = ORIENTED_EDGE('',*,*,#1661,.T.);
#1680 = ORIENTED_EDGE('',*,*,#825,.T.);
#1681 = ORIENTED_EDGE('',*,*,#1682,.T.);
#1682 = EDGE_CURVE('',#818,#1683,#1685,.T.);
#1683 = VERTEX_POINT('',#1684);
#1684 = CARTESIAN_POINT('',(11.7125,-37.5,13.375));
#1685 = LINE('',#1686,#1687);
#1686 = CARTESIAN_POINT('',(11.7125,-37.5,11.5));
#1687 = VECTOR('',#1688,1.);
#1688 = DIRECTION('',(0.,0.,1.));
#1689 = ORIENTED_EDGE('',*,*,#1690,.T.);
#1690 = EDGE_CURVE('',#1683,#1691,#1693,.T.);
#1691 = VERTEX_POINT('',#1692);
#1692 = CARTESIAN_POINT('',(11.186843255044,-37.5,13.690394046973));
#1693 = LINE('',#1694,#1695);
#1694 = CARTESIAN_POINT('',(11.7125,-37.5,13.375));
#1695 = VECTOR('',#1696,1.);
#1696 = DIRECTION('',(-0.857492925713,0.,0.514495755428));
#1697 = ORIENTED_EDGE('',*,*,#1698,.F.);
#1698 = EDGE_CURVE('',#1699,#1691,#1701,.T.);
#1699 = VERTEX_POINT('',#1700);
#1700 = CARTESIAN_POINT('',(10.602489712565,-37.5,16.261610279516));
#1701 = CIRCLE('',#1702,11.25);
#1702 = AXIS2_PLACEMENT_3D('',#1703,#1704,#1705);
#1703 = CARTESIAN_POINT('',(0.,-37.5,12.5));
#1704 = DIRECTION('',(0.,1.,-2.2E-16));
#1705 = DIRECTION('',(-1.,0.,0.));
#1706 = ORIENTED_EDGE('',*,*,#1707,.T.);
#1707 = EDGE_CURVE('',#1699,#1708,#1710,.T.);
#1708 = VERTEX_POINT('',#1709);
#1709 = CARTESIAN_POINT('',(10.986481604425,-37.5,16.680894426512));
#1710 = LINE('',#1711,#1712);
#1711 = CARTESIAN_POINT('',(10.531846996765,-37.5,16.184474872588));
#1712 = VECTOR('',#1713,1.);
#1713 = DIRECTION('',(0.675388217731,0.,0.737462375549));
#1714 = ORIENTED_EDGE('',*,*,#1715,.T.);
#1715 = EDGE_CURVE('',#1708,#1716,#1718,.T.);
#1716 = VERTEX_POINT('',#1717);
#1717 = CARTESIAN_POINT('',(10.172949593579,-37.5,18.370211053829));
#1718 = LINE('',#1719,#1720);
#1719 = CARTESIAN_POINT('',(10.986481604425,-37.5,16.680894426512));
#1720 = VECTOR('',#1721,1.);
#1721 = DIRECTION('',(-0.433883739118,0.,0.900968867902));
#1722 = ORIENTED_EDGE('',*,*,#1723,.T.);
#1723 = EDGE_CURVE('',#1716,#1724,#1726,.T.);
#1724 = VERTEX_POINT('',#1725);
#1725 = CARTESIAN_POINT('',(9.562504882775,-37.5,18.42629735728));
#1726 = LINE('',#1727,#1728);
#1727 = CARTESIAN_POINT('',(10.172949593579,-37.5,18.370211053829));
#1728 = VECTOR('',#1729,1.);
#1729 = DIRECTION('',(-0.995805772639,0.,9.149242143313E-02));
#1730 = ORIENTED_EDGE('',*,*,#1731,.F.);
#1731 = EDGE_CURVE('',#1732,#1724,#1734,.T.);
#1732 = VERTEX_POINT('',#1733);
#1733 = CARTESIAN_POINT('',(7.920411620097,-37.5,20.489341635469));
#1734 = CIRCLE('',#1735,11.25);
#1735 = AXIS2_PLACEMENT_3D('',#1736,#1737,#1738);
#1736 = CARTESIAN_POINT('',(0.,-37.5,12.5));
#1737 = DIRECTION('',(0.,1.,-2.2E-16));
#1738 = DIRECTION('',(-1.,0.,0.));
#1739 = ORIENTED_EDGE('',*,*,#1740,.T.);
#1740 = EDGE_CURVE('',#1732,#1741,#1743,.T.);
#1741 = VERTEX_POINT('',#1742);
#1742 = CARTESIAN_POINT('',(8.084455786738,-37.5,21.033711436548));
#1743 = LINE('',#1744,#1745);
#1744 = CARTESIAN_POINT('',(7.890232531194,-37.5,20.389194309541));
#1745 = VECTOR('',#1746,1.);
#1746 = DIRECTION('',(0.288530824962,0.,0.957470606884));
#1747 = ORIENTED_EDGE('',*,*,#1748,.T.);
#1748 = EDGE_CURVE('',#1741,#1749,#1751,.T.);
#1749 = VERTEX_POINT('',#1750);
#1750 = CARTESIAN_POINT('',(6.618521757111,-37.5,22.202754815033));
#1751 = LINE('',#1752,#1753);
#1752 = CARTESIAN_POINT('',(8.084455786738,-37.5,21.033711436548));
#1753 = VECTOR('',#1754,1.);
#1754 = DIRECTION('',(-0.781831482468,0.,0.623489801859));
#1755 = ORIENTED_EDGE('',*,*,#1756,.T.);
#1756 = EDGE_CURVE('',#1749,#1757,#1759,.T.);
#1757 = VERTEX_POINT('',#1758);
#1758 = CARTESIAN_POINT('',(6.044195142046,-37.5,21.98842479471));
#1759 = LINE('',#1760,#1761);
#1760 = CARTESIAN_POINT('',(6.618521757111,-37.5,22.202754815033));
#1761 = VECTOR('',#1762,1.);
#1762 = DIRECTION('',(-0.936887073537,0.,-0.349632108707));
#1763 = ORIENTED_EDGE('',*,*,#1764,.F.);
#1764 = EDGE_CURVE('',#1765,#1757,#1767,.T.);
#1765 = VERTEX_POINT('',#1766);
#1766 = CARTESIAN_POINT('',(3.669598868795,-37.5,23.134685897672));
#1767 = CIRCLE('',#1768,11.25);
#1768 = AXIS2_PLACEMENT_3D('',#1769,#1770,#1771);
#1769 = CARTESIAN_POINT('',(0.,-37.5,12.5));
#1770 = DIRECTION('',(0.,1.,-2.2E-16));
#1771 = DIRECTION('',(-1.,0.,0.));
#1772 = ORIENTED_EDGE('',*,*,#1773,.T.);
#1773 = EDGE_CURVE('',#1765,#1774,#1776,.T.);
#1774 = VERTEX_POINT('',#1775);
#1775 = CARTESIAN_POINT('',(3.581204351145,-37.5,23.696322237473));
#1776 = LINE('',#1777,#1778);
#1777 = CARTESIAN_POINT('',(3.685860745468,-37.5,23.031362058871));
#1778 = VECTOR('',#1779,1.);
#1779 = DIRECTION('',(-0.155473636289,0.,0.987840041919));
#1780 = ORIENTED_EDGE('',*,*,#1781,.T.);
#1781 = EDGE_CURVE('',#1774,#1782,#1784,.T.);
#1782 = VERTEX_POINT('',#1783);
#1783 = CARTESIAN_POINT('',(1.753214515804,-37.5,24.113548988641));
#1784 = LINE('',#1785,#1786);
#1785 = CARTESIAN_POINT('',(3.581204351145,-37.5,23.696322237473));
#1786 = VECTOR('',#1787,1.);
#1787 = DIRECTION('',(-0.974927912182,0.,0.222520933956));
#1788 = ORIENTED_EDGE('',*,*,#1789,.T.);
#1789 = EDGE_CURVE('',#1782,#1790,#1792,.T.);
#1790 = VERTEX_POINT('',#1791);
#1791 = CARTESIAN_POINT('',(1.328758426246,-37.5,23.671253333654));
#1792 = LINE('',#1793,#1794);
#1793 = CARTESIAN_POINT('',(1.753214515804,-37.5,24.113548988641));
#1794 = VECTOR('',#1795,1.);
#1795 = DIRECTION('',(-0.692406399356,0.,-0.721507711761));
#1796 = ORIENTED_EDGE('',*,*,#1797,.F.);
#1797 = EDGE_CURVE('',#1798,#1790,#1800,.T.);
#1798 = VERTEX_POINT('',#1799);
#1799 = CARTESIAN_POINT('',(-1.308022943148,-37.5,23.673700191978));
#1800 = CIRCLE('',#1801,11.25);
#1801 = AXIS2_PLACEMENT_3D('',#1802,#1803,#1804);
#1802 = CARTESIAN_POINT('',(0.,-37.5,12.5));
#1803 = DIRECTION('',(0.,1.,-2.2E-16));
#1804 = DIRECTION('',(-1.,0.,0.));
#1805 = ORIENTED_EDGE('',*,*,#1806,.T.);
#1806 = EDGE_CURVE('',#1798,#1807,#1809,.T.);
#1807 = VERTEX_POINT('',#1808);
#1808 = CARTESIAN_POINT('',(-1.631348526782,-37.5,24.141364105386));
#1809 = LINE('',#1810,#1811);
#1810 = CARTESIAN_POINT('',(-1.248540965013,-37.5,23.587664393761));
#1811 = VECTOR('',#1812,1.);
#1812 = DIRECTION('',(-0.568684637114,0.,0.822555641589));
#1813 = ORIENTED_EDGE('',*,*,#1814,.T.);
#1814 = EDGE_CURVE('',#1807,#1815,#1817,.T.);
#1815 = VERTEX_POINT('',#1816);
#1816 = CARTESIAN_POINT('',(-3.459338362122,-37.5,23.724137354218));
#1817 = LINE('',#1818,#1819);
#1818 = CARTESIAN_POINT('',(-1.631348526782,-37.5,24.141364105386));
#1819 = VECTOR('',#1820,1.);
#1820 = DIRECTION('',(-0.974927912182,0.,-0.222520933956));
#1821 = ORIENTED_EDGE('',*,*,#1822,.T.);
#1822 = EDGE_CURVE('',#1815,#1823,#1825,.T.);
#1823 = VERTEX_POINT('',#1824);
#1824 = CARTESIAN_POINT('',(-3.649855192025,-37.5,23.141478143437));
#1825 = LINE('',#1826,#1827);
#1826 = CARTESIAN_POINT('',(-3.459338362122,-37.5,23.724137354218));
#1827 = VECTOR('',#1828,1.);
#1828 = DIRECTION('',(-0.310786145975,0.,-0.95047986379));
#1829 = ORIENTED_EDGE('',*,*,#1830,.F.);
#1830 = EDGE_CURVE('',#1831,#1823,#1833,.T.);
#1831 = VERTEX_POINT('',#1832);
#1832 = CARTESIAN_POINT('',(-6.026574769352,-37.5,21.999626126823));
#1833 = CIRCLE('',#1834,11.25);
#1834 = AXIS2_PLACEMENT_3D('',#1835,#1836,#1837);
#1835 = CARTESIAN_POINT('',(0.,-37.5,12.5));
#1836 = DIRECTION('',(0.,1.,-2.2E-16));
#1837 = DIRECTION('',(-1.,0.,0.));
#1838 = ORIENTED_EDGE('',*,*,#1839,.T.);
#1839 = EDGE_CURVE('',#1831,#1840,#1842,.T.);
#1840 = VERTEX_POINT('',#1841);
#1841 = CARTESIAN_POINT('',(-6.520792821802,-37.5,22.280691040266));
#1842 = LINE('',#1843,#1844);
#1843 = CARTESIAN_POINT('',(-5.935653825024,-37.5,21.947918814188));
#1844 = VECTOR('',#1845,1.);
#1845 = DIRECTION('',(-0.869260671099,0.,0.49435400846));
#1846 = ORIENTED_EDGE('',*,*,#1847,.T.);
#1847 = EDGE_CURVE('',#1840,#1848,#1850,.T.);
#1848 = VERTEX_POINT('',#1849);
#1849 = CARTESIAN_POINT('',(-7.98672685143,-37.5,21.11164766178));
#1850 = LINE('',#1851,#1852);
#1851 = CARTESIAN_POINT('',(-6.520792821802,-37.5,22.280691040266));
#1852 = VECTOR('',#1853,1.);
#1853 = DIRECTION('',(-0.781831482468,0.,-0.623489801859));
#1854 = ORIENTED_EDGE('',*,*,#1855,.T.);
#1855 = EDGE_CURVE('',#1848,#1856,#1858,.T.);
#1856 = VERTEX_POINT('',#1857);
#1857 = CARTESIAN_POINT('',(-7.905570226979,-37.5,20.504027697747));
#1858 = LINE('',#1859,#1860);
#1859 = CARTESIAN_POINT('',(-7.98672685143,-37.5,21.11164766178));
#1860 = VECTOR('',#1861,1.);
#1861 = DIRECTION('',(0.132389115158,0.,-0.991197821924));
#1862 = ORIENTED_EDGE('',*,*,#1863,.F.);
#1863 = EDGE_CURVE('',#1864,#1856,#1866,.T.);
#1864 = VERTEX_POINT('',#1865);
#1865 = CARTESIAN_POINT('',(-9.551489551397,-37.5,18.444034601982));
#1866 = CIRCLE('',#1867,11.25);
#1867 = AXIS2_PLACEMENT_3D('',#1868,#1869,#1870);
#1868 = CARTESIAN_POINT('',(0.,-37.5,12.5));
#1869 = DIRECTION('',(0.,1.,-2.2E-16));
#1870 = DIRECTION('',(-1.,0.,0.));
#1871 = ORIENTED_EDGE('',*,*,#1872,.T.);
#1872 = EDGE_CURVE('',#1864,#1873,#1875,.T.);
#1873 = VERTEX_POINT('',#1874);
#1874 = CARTESIAN_POINT('',(-10.11871412619,-37.5,18.482832162317));
#1875 = LINE('',#1876,#1877);
#1876 = CARTESIAN_POINT('',(-9.447137648971,-37.5,18.436897042344));
#1877 = VECTOR('',#1878,1.);
#1878 = DIRECTION('',(-0.997668968391,0.,6.823950110052E-02));
#1879 = ORIENTED_EDGE('',*,*,#1880,.T.);
#1880 = EDGE_CURVE('',#1873,#1881,#1883,.T.);
#1881 = VERTEX_POINT('',#1882);
#1882 = CARTESIAN_POINT('',(-10.93224613703,-37.5,16.793515535));
#1883 = LINE('',#1884,#1885);
#1884 = CARTESIAN_POINT('',(-10.11871412619,-37.5,18.482832162317));
#1885 = VECTOR('',#1886,1.);
#1886 = DIRECTION('',(-0.433883739118,0.,-0.900968867902));
#1887 = ORIENTED_EDGE('',*,*,#1888,.T.);
#1888 = EDGE_CURVE('',#1881,#1889,#1891,.T.);
#1889 = VERTEX_POINT('',#1890);
#1890 = CARTESIAN_POINT('',(-10.59549012302,-37.5,16.281281403562));
#1891 = LINE('',#1892,#1893);
#1892 = CARTESIAN_POINT('',(-10.93224613703,-37.5,16.793515535));
#1893 = VECTOR('',#1894,1.);
#1894 = DIRECTION('',(0.549343088389,0.,-0.835596895183));
#1895 = ORIENTED_EDGE('',*,*,#1896,.F.);
#1896 = EDGE_CURVE('',#1897,#1889,#1899,.T.);
#1897 = VERTEX_POINT('',#1898);
#1898 = CARTESIAN_POINT('',(-11.18461468645,-37.5,13.711154125418));
#1899 = CIRCLE('',#1900,11.25);
#1900 = AXIS2_PLACEMENT_3D('',#1901,#1902,#1903);
#1901 = CARTESIAN_POINT('',(0.,-37.5,12.5));
#1902 = DIRECTION('',(0.,1.,-2.2E-16));
#1903 = DIRECTION('',(-1.,0.,0.));
#1904 = ORIENTED_EDGE('',*,*,#1905,.T.);
#1905 = EDGE_CURVE('',#1897,#1906,#1908,.T.);
#1906 = VERTEX_POINT('',#1907);
#1907 = CARTESIAN_POINT('',(-11.7125,-37.5,13.5));
#1908 = LINE('',#1909,#1910);
#1909 = CARTESIAN_POINT('',(-11.0875,-37.5,13.75));
#1910 = VECTOR('',#1911,1.);
#1911 = DIRECTION('',(-0.928476690885,0.,-0.371390676354));
#1912 = ORIENTED_EDGE('',*,*,#1913,.T.);
#1913 = EDGE_CURVE('',#1906,#908,#1914,.T.);
#1914 = LINE('',#1915,#1916);
#1915 = CARTESIAN_POINT('',(-11.7125,-37.5,13.5));
#1916 = VECTOR('',#1917,1.);
#1917 = DIRECTION('',(0.,0.,-1.));
#1918 = PLANE('',#1919);
#1919 = AXIS2_PLACEMENT_3D('',#1920,#1921,#1922);
#1920 = CARTESIAN_POINT('',(0.,-37.5,12.5));
#1921 = DIRECTION('',(-0.,1.,-2.2E-16));
#1922 = DIRECTION('',(-1.,0.,0.));
#1923 = ADVANCED_FACE('',(#1924),#1942,.F.);
#1924 = FACE_BOUND('',#1925,.F.);
#1925 = EDGE_LOOP('',(#1926,#1934,#1935,#1936));
#1926 = ORIENTED_EDGE('',*,*,#1927,.F.);
#1927 = EDGE_CURVE('',#810,#1928,#1930,.T.);
#1928 = VERTEX_POINT('',#1929);
#1929 = CARTESIAN_POINT('',(11.7125,-25.,13.375));
#1930 = LINE('',#1931,#1932);
#1931 = CARTESIAN_POINT('',(11.7125,-25.,11.5));
#1932 = VECTOR('',#1933,1.);
#1933 = DIRECTION('',(0.,0.,1.));
#1934 = ORIENTED_EDGE('',*,*,#817,.T.);
#1935 = ORIENTED_EDGE('',*,*,#1682,.T.);
#1936 = ORIENTED_EDGE('',*,*,#1937,.F.);
#1937 = EDGE_CURVE('',#1928,#1683,#1938,.T.);
#1938 = LINE('',#1939,#1940);
#1939 = CARTESIAN_POINT('',(11.7125,-25.,13.375));
#1940 = VECTOR('',#1941,1.);
#1941 = DIRECTION('',(0.,-1.,4.4E-16));
#1942 = PLANE('',#1943);
#1943 = AXIS2_PLACEMENT_3D('',#1944,#1945,#1946);
#1944 = CARTESIAN_POINT('',(11.7125,-25.,11.5));
#1945 = DIRECTION('',(-1.,0.,0.));
#1946 = DIRECTION('',(0.,4.4E-16,1.));
#1947 = ADVANCED_FACE('',(#1948),#2183,.F.);
#1948 = FACE_BOUND('',#1949,.T.);
#1949 = EDGE_LOOP('',(#1950,#1951,#1959,#1967,#1976,#1984,#1992,#2000,
    #2009,#2017,#2025,#2033,#2042,#2050,#2058,#2066,#2075,#2083,#2091,
    #2099,#2108,#2116,#2124,#2132,#2141,#2149,#2157,#2165,#2174,#2180,
    #2181,#2182));
#1950 = ORIENTED_EDGE('',*,*,#923,.F.);
#1951 = ORIENTED_EDGE('',*,*,#1952,.F.);
#1952 = EDGE_CURVE('',#1953,#916,#1955,.T.);
#1953 = VERTEX_POINT('',#1954);
#1954 = CARTESIAN_POINT('',(-11.7125,-25.,13.5));
#1955 = LINE('',#1956,#1957);
#1956 = CARTESIAN_POINT('',(-11.7125,-25.,13.5));
#1957 = VECTOR('',#1958,1.);
#1958 = DIRECTION('',(0.,0.,-1.));
#1959 = ORIENTED_EDGE('',*,*,#1960,.F.);
#1960 = EDGE_CURVE('',#1961,#1953,#1963,.T.);
#1961 = VERTEX_POINT('',#1962);
#1962 = CARTESIAN_POINT('',(-11.18461468645,-25.,13.711154125418));
#1963 = LINE('',#1964,#1965);
#1964 = CARTESIAN_POINT('',(-11.0875,-25.,13.75));
#1965 = VECTOR('',#1966,1.);
#1966 = DIRECTION('',(-0.928476690885,0.,-0.371390676354));
#1967 = ORIENTED_EDGE('',*,*,#1968,.T.);
#1968 = EDGE_CURVE('',#1961,#1969,#1971,.T.);
#1969 = VERTEX_POINT('',#1970);
#1970 = CARTESIAN_POINT('',(-10.59549012302,-25.,16.281281403562));
#1971 = CIRCLE('',#1972,11.25);
#1972 = AXIS2_PLACEMENT_3D('',#1973,#1974,#1975);
#1973 = CARTESIAN_POINT('',(0.,-25.,12.5));
#1974 = DIRECTION('',(0.,1.,-2.2E-16));
#1975 = DIRECTION('',(-1.,0.,0.));
#1976 = ORIENTED_EDGE('',*,*,#1977,.F.);
#1977 = EDGE_CURVE('',#1978,#1969,#1980,.T.);
#1978 = VERTEX_POINT('',#1979);
#1979 = CARTESIAN_POINT('',(-10.93224613703,-25.,16.793515535));
#1980 = LINE('',#1981,#1982);
#1981 = CARTESIAN_POINT('',(-10.93224613703,-25.,16.793515535));
#1982 = VECTOR('',#1983,1.);
#1983 = DIRECTION('',(0.549343088389,0.,-0.835596895183));
#1984 = ORIENTED_EDGE('',*,*,#1985,.F.);
#1985 = EDGE_CURVE('',#1986,#1978,#1988,.T.);
#1986 = VERTEX_POINT('',#1987);
#1987 = CARTESIAN_POINT('',(-10.11871412619,-25.,18.482832162317));
#1988 = LINE('',#1989,#1990);
#1989 = CARTESIAN_POINT('',(-10.11871412619,-25.,18.482832162317));
#1990 = VECTOR('',#1991,1.);
#1991 = DIRECTION('',(-0.433883739118,0.,-0.900968867902));
#1992 = ORIENTED_EDGE('',*,*,#1993,.F.);
#1993 = EDGE_CURVE('',#1994,#1986,#1996,.T.);
#1994 = VERTEX_POINT('',#1995);
#1995 = CARTESIAN_POINT('',(-9.551489551397,-25.,18.444034601982));
#1996 = LINE('',#1997,#1998);
#1997 = CARTESIAN_POINT('',(-9.447137648971,-25.,18.436897042344));
#1998 = VECTOR('',#1999,1.);
#1999 = DIRECTION('',(-0.997668968391,0.,6.823950110052E-02));
#2000 = ORIENTED_EDGE('',*,*,#2001,.T.);
#2001 = EDGE_CURVE('',#1994,#2002,#2004,.T.);
#2002 = VERTEX_POINT('',#2003);
#2003 = CARTESIAN_POINT('',(-7.905570226979,-25.,20.504027697747));
#2004 = CIRCLE('',#2005,11.25);
#2005 = AXIS2_PLACEMENT_3D('',#2006,#2007,#2008);
#2006 = CARTESIAN_POINT('',(0.,-25.,12.5));
#2007 = DIRECTION('',(0.,1.,-2.2E-16));
#2008 = DIRECTION('',(-1.,0.,0.));
#2009 = ORIENTED_EDGE('',*,*,#2010,.F.);
#2010 = EDGE_CURVE('',#2011,#2002,#2013,.T.);
#2011 = VERTEX_POINT('',#2012);
#2012 = CARTESIAN_POINT('',(-7.98672685143,-25.,21.11164766178));
#2013 = LINE('',#2014,#2015);
#2014 = CARTESIAN_POINT('',(-7.98672685143,-25.,21.11164766178));
#2015 = VECTOR('',#2016,1.);
#2016 = DIRECTION('',(0.132389115158,0.,-0.991197821924));
#2017 = ORIENTED_EDGE('',*,*,#2018,.F.);
#2018 = EDGE_CURVE('',#2019,#2011,#2021,.T.);
#2019 = VERTEX_POINT('',#2020);
#2020 = CARTESIAN_POINT('',(-6.520792821802,-25.,22.280691040266));
#2021 = LINE('',#2022,#2023);
#2022 = CARTESIAN_POINT('',(-6.520792821802,-25.,22.280691040266));
#2023 = VECTOR('',#2024,1.);
#2024 = DIRECTION('',(-0.781831482468,0.,-0.623489801859));
#2025 = ORIENTED_EDGE('',*,*,#2026,.F.);
#2026 = EDGE_CURVE('',#2027,#2019,#2029,.T.);
#2027 = VERTEX_POINT('',#2028);
#2028 = CARTESIAN_POINT('',(-6.026574769352,-25.,21.999626126823));
#2029 = LINE('',#2030,#2031);
#2030 = CARTESIAN_POINT('',(-5.935653825024,-25.,21.947918814188));
#2031 = VECTOR('',#2032,1.);
#2032 = DIRECTION('',(-0.869260671099,0.,0.49435400846));
#2033 = ORIENTED_EDGE('',*,*,#2034,.T.);
#2034 = EDGE_CURVE('',#2027,#2035,#2037,.T.);
#2035 = VERTEX_POINT('',#2036);
#2036 = CARTESIAN_POINT('',(-3.649855192025,-25.,23.141478143437));
#2037 = CIRCLE('',#2038,11.25);
#2038 = AXIS2_PLACEMENT_3D('',#2039,#2040,#2041);
#2039 = CARTESIAN_POINT('',(0.,-25.,12.5));
#2040 = DIRECTION('',(0.,1.,-2.2E-16));
#2041 = DIRECTION('',(-1.,0.,0.));
#2042 = ORIENTED_EDGE('',*,*,#2043,.F.);
#2043 = EDGE_CURVE('',#2044,#2035,#2046,.T.);
#2044 = VERTEX_POINT('',#2045);
#2045 = CARTESIAN_POINT('',(-3.459338362122,-25.,23.724137354218));
#2046 = LINE('',#2047,#2048);
#2047 = CARTESIAN_POINT('',(-3.459338362122,-25.,23.724137354218));
#2048 = VECTOR('',#2049,1.);
#2049 = DIRECTION('',(-0.310786145975,0.,-0.95047986379));
#2050 = ORIENTED_EDGE('',*,*,#2051,.F.);
#2051 = EDGE_CURVE('',#2052,#2044,#2054,.T.);
#2052 = VERTEX_POINT('',#2053);
#2053 = CARTESIAN_POINT('',(-1.631348526782,-25.,24.141364105386));
#2054 = LINE('',#2055,#2056);
#2055 = CARTESIAN_POINT('',(-1.631348526782,-25.,24.141364105386));
#2056 = VECTOR('',#2057,1.);
#2057 = DIRECTION('',(-0.974927912182,0.,-0.222520933956));
#2058 = ORIENTED_EDGE('',*,*,#2059,.F.);
#2059 = EDGE_CURVE('',#2060,#2052,#2062,.T.);
#2060 = VERTEX_POINT('',#2061);
#2061 = CARTESIAN_POINT('',(-1.308022943148,-25.,23.673700191978));
#2062 = LINE('',#2063,#2064);
#2063 = CARTESIAN_POINT('',(-1.248540965013,-25.,23.587664393761));
#2064 = VECTOR('',#2065,1.);
#2065 = DIRECTION('',(-0.568684637114,0.,0.822555641589));
#2066 = ORIENTED_EDGE('',*,*,#2067,.T.);
#2067 = EDGE_CURVE('',#2060,#2068,#2070,.T.);
#2068 = VERTEX_POINT('',#2069);
#2069 = CARTESIAN_POINT('',(1.328758426246,-25.,23.671253333654));
#2070 = CIRCLE('',#2071,11.25);
#2071 = AXIS2_PLACEMENT_3D('',#2072,#2073,#2074);
#2072 = CARTESIAN_POINT('',(0.,-25.,12.5));
#2073 = DIRECTION('',(0.,1.,-2.2E-16));
#2074 = DIRECTION('',(-1.,0.,0.));
#2075 = ORIENTED_EDGE('',*,*,#2076,.F.);
#2076 = EDGE_CURVE('',#2077,#2068,#2079,.T.);
#2077 = VERTEX_POINT('',#2078);
#2078 = CARTESIAN_POINT('',(1.753214515804,-25.,24.113548988641));
#2079 = LINE('',#2080,#2081);
#2080 = CARTESIAN_POINT('',(1.753214515804,-25.,24.113548988641));
#2081 = VECTOR('',#2082,1.);
#2082 = DIRECTION('',(-0.692406399356,0.,-0.721507711761));
#2083 = ORIENTED_EDGE('',*,*,#2084,.F.);
#2084 = EDGE_CURVE('',#2085,#2077,#2087,.T.);
#2085 = VERTEX_POINT('',#2086);
#2086 = CARTESIAN_POINT('',(3.581204351145,-25.,23.696322237473));
#2087 = LINE('',#2088,#2089);
#2088 = CARTESIAN_POINT('',(3.581204351145,-25.,23.696322237473));
#2089 = VECTOR('',#2090,1.);
#2090 = DIRECTION('',(-0.974927912182,0.,0.222520933956));
#2091 = ORIENTED_EDGE('',*,*,#2092,.F.);
#2092 = EDGE_CURVE('',#2093,#2085,#2095,.T.);
#2093 = VERTEX_POINT('',#2094);
#2094 = CARTESIAN_POINT('',(3.669598868795,-25.,23.134685897672));
#2095 = LINE('',#2096,#2097);
#2096 = CARTESIAN_POINT('',(3.685860745468,-25.,23.031362058871));
#2097 = VECTOR('',#2098,1.);
#2098 = DIRECTION('',(-0.155473636289,0.,0.987840041919));
#2099 = ORIENTED_EDGE('',*,*,#2100,.T.);
#2100 = EDGE_CURVE('',#2093,#2101,#2103,.T.);
#2101 = VERTEX_POINT('',#2102);
#2102 = CARTESIAN_POINT('',(6.044195142046,-25.,21.98842479471));
#2103 = CIRCLE('',#2104,11.25);
#2104 = AXIS2_PLACEMENT_3D('',#2105,#2106,#2107);
#2105 = CARTESIAN_POINT('',(0.,-25.,12.5));
#2106 = DIRECTION('',(0.,1.,-2.2E-16));
#2107 = DIRECTION('',(-1.,0.,0.));
#2108 = ORIENTED_EDGE('',*,*,#2109,.F.);
#2109 = EDGE_CURVE('',#2110,#2101,#2112,.T.);
#2110 = VERTEX_POINT('',#2111);
#2111 = CARTESIAN_POINT('',(6.618521757111,-25.,22.202754815033));
#2112 = LINE('',#2113,#2114);
#2113 = CARTESIAN_POINT('',(6.618521757111,-25.,22.202754815033));
#2114 = VECTOR('',#2115,1.);
#2115 = DIRECTION('',(-0.936887073537,0.,-0.349632108707));
#2116 = ORIENTED_EDGE('',*,*,#2117,.F.);
#2117 = EDGE_CURVE('',#2118,#2110,#2120,.T.);
#2118 = VERTEX_POINT('',#2119);
#2119 = CARTESIAN_POINT('',(8.084455786738,-25.,21.033711436548));
#2120 = LINE('',#2121,#2122);
#2121 = CARTESIAN_POINT('',(8.084455786738,-25.,21.033711436548));
#2122 = VECTOR('',#2123,1.);
#2123 = DIRECTION('',(-0.781831482468,0.,0.623489801859));
#2124 = ORIENTED_EDGE('',*,*,#2125,.F.);
#2125 = EDGE_CURVE('',#2126,#2118,#2128,.T.);
#2126 = VERTEX_POINT('',#2127);
#2127 = CARTESIAN_POINT('',(7.920411620097,-25.,20.489341635469));
#2128 = LINE('',#2129,#2130);
#2129 = CARTESIAN_POINT('',(7.890232531194,-25.,20.389194309541));
#2130 = VECTOR('',#2131,1.);
#2131 = DIRECTION('',(0.288530824962,0.,0.957470606884));
#2132 = ORIENTED_EDGE('',*,*,#2133,.T.);
#2133 = EDGE_CURVE('',#2126,#2134,#2136,.T.);
#2134 = VERTEX_POINT('',#2135);
#2135 = CARTESIAN_POINT('',(9.562504882775,-25.,18.42629735728));
#2136 = CIRCLE('',#2137,11.25);
#2137 = AXIS2_PLACEMENT_3D('',#2138,#2139,#2140);
#2138 = CARTESIAN_POINT('',(0.,-25.,12.5));
#2139 = DIRECTION('',(0.,1.,-2.2E-16));
#2140 = DIRECTION('',(-1.,0.,0.));
#2141 = ORIENTED_EDGE('',*,*,#2142,.F.);
#2142 = EDGE_CURVE('',#2143,#2134,#2145,.T.);
#2143 = VERTEX_POINT('',#2144);
#2144 = CARTESIAN_POINT('',(10.172949593579,-25.,18.370211053829));
#2145 = LINE('',#2146,#2147);
#2146 = CARTESIAN_POINT('',(10.172949593579,-25.,18.370211053829));
#2147 = VECTOR('',#2148,1.);
#2148 = DIRECTION('',(-0.995805772639,0.,9.149242143313E-02));
#2149 = ORIENTED_EDGE('',*,*,#2150,.F.);
#2150 = EDGE_CURVE('',#2151,#2143,#2153,.T.);
#2151 = VERTEX_POINT('',#2152);
#2152 = CARTESIAN_POINT('',(10.986481604425,-25.,16.680894426512));
#2153 = LINE('',#2154,#2155);
#2154 = CARTESIAN_POINT('',(10.986481604425,-25.,16.680894426512));
#2155 = VECTOR('',#2156,1.);
#2156 = DIRECTION('',(-0.433883739118,0.,0.900968867902));
#2157 = ORIENTED_EDGE('',*,*,#2158,.F.);
#2158 = EDGE_CURVE('',#2159,#2151,#2161,.T.);
#2159 = VERTEX_POINT('',#2160);
#2160 = CARTESIAN_POINT('',(10.602489712565,-25.,16.261610279516));
#2161 = LINE('',#2162,#2163);
#2162 = CARTESIAN_POINT('',(10.531846996765,-25.,16.184474872588));
#2163 = VECTOR('',#2164,1.);
#2164 = DIRECTION('',(0.675388217731,0.,0.737462375549));
#2165 = ORIENTED_EDGE('',*,*,#2166,.T.);
#2166 = EDGE_CURVE('',#2159,#2167,#2169,.T.);
#2167 = VERTEX_POINT('',#2168);
#2168 = CARTESIAN_POINT('',(11.186843255044,-25.,13.690394046973));
#2169 = CIRCLE('',#2170,11.25);
#2170 = AXIS2_PLACEMENT_3D('',#2171,#2172,#2173);
#2171 = CARTESIAN_POINT('',(0.,-25.,12.5));
#2172 = DIRECTION('',(0.,1.,-2.2E-16));
#2173 = DIRECTION('',(-1.,0.,0.));
#2174 = ORIENTED_EDGE('',*,*,#2175,.F.);
#2175 = EDGE_CURVE('',#1928,#2167,#2176,.T.);
#2176 = LINE('',#2177,#2178);
#2177 = CARTESIAN_POINT('',(11.7125,-25.,13.375));
#2178 = VECTOR('',#2179,1.);
#2179 = DIRECTION('',(-0.857492925713,0.,0.514495755428));
#2180 = ORIENTED_EDGE('',*,*,#1927,.F.);
#2181 = ORIENTED_EDGE('',*,*,#809,.T.);
#2182 = ORIENTED_EDGE('',*,*,#1164,.F.);
#2183 = PLANE('',#2184);
#2184 = AXIS2_PLACEMENT_3D('',#2185,#2186,#2187);
#2185 = CARTESIAN_POINT('',(0.,-25.,12.5));
#2186 = DIRECTION('',(-0.,1.,-2.2E-16));
#2187 = DIRECTION('',(-1.,0.,-0.));
#2188 = ADVANCED_FACE('',(#2189,#2192),#2203,.F.);
#2189 = FACE_BOUND('',#2190,.F.);
#2190 = EDGE_LOOP('',(#2191));
#2191 = ORIENTED_EDGE('',*,*,#871,.F.);
#2192 = FACE_BOUND('',#2193,.F.);
#2193 = EDGE_LOOP('',(#2194));
#2194 = ORIENTED_EDGE('',*,*,#2195,.T.);
#2195 = EDGE_CURVE('',#2196,#2196,#2198,.T.);
#2196 = VERTEX_POINT('',#2197);
#2197 = CARTESIAN_POINT('',(11.5625,-68.75,12.5));
#2198 = CIRCLE('',#2199,11.5625);
#2199 = AXIS2_PLACEMENT_3D('',#2200,#2201,#2202);
#2200 = CARTESIAN_POINT('',(-1.625E-14,-68.75,12.5));
#2201 = DIRECTION('',(0.,-1.,0.));
#2202 = DIRECTION('',(1.,0.,0.));
#2203 = PLANE('',#2204);
#2204 = AXIS2_PLACEMENT_3D('',#2205,#2206,#2207);
#2205 = CARTESIAN_POINT('',(-1.75E-15,-68.75,12.5));
#2206 = DIRECTION('',(2.4E-16,1.,-4.2E-16));
#2207 = DIRECTION('',(0.,4.2E-16,1.));
#2208 = ADVANCED_FACE('',(#2209),#2220,.F.);
#2209 = FACE_BOUND('',#2210,.F.);
#2210 = EDGE_LOOP('',(#2211,#2212,#2218,#2219));
#2211 = ORIENTED_EDGE('',*,*,#1952,.F.);
#2212 = ORIENTED_EDGE('',*,*,#2213,.T.);
#2213 = EDGE_CURVE('',#1953,#1906,#2214,.T.);
#2214 = LINE('',#2215,#2216);
#2215 = CARTESIAN_POINT('',(-11.7125,-25.,13.5));
#2216 = VECTOR('',#2217,1.);
#2217 = DIRECTION('',(0.,-1.,-4.4E-16));
#2218 = ORIENTED_EDGE('',*,*,#1913,.T.);
#2219 = ORIENTED_EDGE('',*,*,#915,.T.);
#2220 = PLANE('',#2221);
#2221 = AXIS2_PLACEMENT_3D('',#2222,#2223,#2224);
#2222 = CARTESIAN_POINT('',(-11.7125,-25.,13.5));
#2223 = DIRECTION('',(1.,0.,0.));
#2224 = DIRECTION('',(0.,4.4E-16,-1.));
#2225 = ADVANCED_FACE('',(#2226),#2232,.F.);
#2226 = FACE_BOUND('',#2227,.T.);
#2227 = EDGE_LOOP('',(#2228,#2229,#2230,#2231));
#2228 = ORIENTED_EDGE('',*,*,#977,.T.);
#2229 = ORIENTED_EDGE('',*,*,#1027,.T.);
#2230 = ORIENTED_EDGE('',*,*,#1009,.T.);
#2231 = ORIENTED_EDGE('',*,*,#953,.F.);
#2232 = PLANE('',#2233);
#2233 = AXIS2_PLACEMENT_3D('',#2234,#2235,#2236);
#2234 = CARTESIAN_POINT('',(10.624999778827,-62.25,2.60960417763));
#2235 = DIRECTION('',(0.,1.,0.));
#2236 = DIRECTION('',(0.,0.,1.));
#2237 = ADVANCED_FACE('',(#2238),#2244,.T.);
#2238 = FACE_BOUND('',#2239,.T.);
#2239 = EDGE_LOOP('',(#2240,#2241,#2242,#2243));
#2240 = ORIENTED_EDGE('',*,*,#1072,.T.);
#2241 = ORIENTED_EDGE('',*,*,#1097,.T.);
#2242 = ORIENTED_EDGE('',*,*,#1121,.T.);
#2243 = ORIENTED_EDGE('',*,*,#1146,.F.);
#2244 = PLANE('',#2245);
#2245 = AXIS2_PLACEMENT_3D('',#2246,#2247,#2248);
#2246 = CARTESIAN_POINT('',(-2.375E-16,18.5,-21.5625));
#2247 = DIRECTION('',(0.,1.,0.));
#2248 = DIRECTION('',(0.,0.,1.));
#2249 = ADVANCED_FACE('',(#2250),#2253,.T.);
#2250 = FACE_BOUND('',#2251,.T.);
#2251 = EDGE_LOOP('',(#2252));
#2252 = ORIENTED_EDGE('',*,*,#1188,.T.);
#2253 = PLANE('',#2254);
#2254 = AXIS2_PLACEMENT_3D('',#2255,#2256,#2257);
#2255 = CARTESIAN_POINT('',(-1.875E-16,-0.125,2.5));
#2256 = DIRECTION('',(0.,1.,0.));
#2257 = DIRECTION('',(0.,0.,1.));
#2258 = ADVANCED_FACE('',(#2259),#2262,.T.);
#2259 = FACE_BOUND('',#2260,.T.);
#2260 = EDGE_LOOP('',(#2261));
#2261 = ORIENTED_EDGE('',*,*,#1213,.T.);
#2262 = PLANE('',#2263);
#2263 = AXIS2_PLACEMENT_3D('',#2264,#2265,#2266);
#2264 = CARTESIAN_POINT('',(-1.875E-16,-0.125,2.5));
#2265 = DIRECTION('',(0.,1.,0.));
#2266 = DIRECTION('',(0.,0.,1.));
#2267 = ADVANCED_FACE('',(#2268),#2271,.T.);
#2268 = FACE_BOUND('',#2269,.T.);
#2269 = EDGE_LOOP('',(#2270));
#2270 = ORIENTED_EDGE('',*,*,#1238,.T.);
#2271 = PLANE('',#2272);
#2272 = AXIS2_PLACEMENT_3D('',#2273,#2274,#2275);
#2273 = CARTESIAN_POINT('',(-1.875E-16,-0.125,2.5));
#2274 = DIRECTION('',(0.,1.,0.));
#2275 = DIRECTION('',(0.,0.,1.));
#2276 = ADVANCED_FACE('',(#2277,#2283),#2317,.T.);
#2277 = FACE_BOUND('',#2278,.T.);
#2278 = EDGE_LOOP('',(#2279,#2280,#2281,#2282));
#2279 = ORIENTED_EDGE('',*,*,#1263,.T.);
#2280 = ORIENTED_EDGE('',*,*,#1288,.T.);
#2281 = ORIENTED_EDGE('',*,*,#1312,.T.);
#2282 = ORIENTED_EDGE('',*,*,#1337,.F.);
#2283 = FACE_BOUND('',#2284,.T.);
#2284 = EDGE_LOOP('',(#2285,#2295,#2303,#2311));
#2285 = ORIENTED_EDGE('',*,*,#2286,.F.);
#2286 = EDGE_CURVE('',#2287,#2289,#2291,.T.);
#2287 = VERTEX_POINT('',#2288);
#2288 = CARTESIAN_POINT('',(2.5,-2.5,7.375));
#2289 = VERTEX_POINT('',#2290);
#2290 = CARTESIAN_POINT('',(-2.5,-2.5,7.375));
#2291 = LINE('',#2292,#2293);
#2292 = CARTESIAN_POINT('',(2.5,-2.5,7.375));
#2293 = VECTOR('',#2294,1.);
#2294 = DIRECTION('',(-1.,0.,0.));
#2295 = ORIENTED_EDGE('',*,*,#2296,.F.);
#2296 = EDGE_CURVE('',#2297,#2287,#2299,.T.);
#2297 = VERTEX_POINT('',#2298);
#2298 = CARTESIAN_POINT('',(2.5,-2.5,7.625));
#2299 = LINE('',#2300,#2301);
#2300 = CARTESIAN_POINT('',(2.5,-2.5,7.625));
#2301 = VECTOR('',#2302,1.);
#2302 = DIRECTION('',(0.,-2.22044604925E-16,-1.));
#2303 = ORIENTED_EDGE('',*,*,#2304,.F.);
#2304 = EDGE_CURVE('',#2305,#2297,#2307,.T.);
#2305 = VERTEX_POINT('',#2306);
#2306 = CARTESIAN_POINT('',(-2.5,-2.5,7.625));
#2307 = LINE('',#2308,#2309);
#2308 = CARTESIAN_POINT('',(-2.5,-2.5,7.625));
#2309 = VECTOR('',#2310,1.);
#2310 = DIRECTION('',(1.,0.,0.));
#2311 = ORIENTED_EDGE('',*,*,#2312,.F.);
#2312 = EDGE_CURVE('',#2289,#2305,#2313,.T.);
#2313 = LINE('',#2314,#2315);
#2314 = CARTESIAN_POINT('',(-2.5,-2.5,7.375));
#2315 = VECTOR('',#2316,1.);
#2316 = DIRECTION('',(0.,2.22044604925E-16,1.));
#2317 = PLANE('',#2318);
#2318 = AXIS2_PLACEMENT_3D('',#2319,#2320,#2321);
#2319 = CARTESIAN_POINT('',(-2.379049338482E-16,-2.5,7.5));
#2320 = DIRECTION('',(0.,1.,0.));
#2321 = DIRECTION('',(0.,0.,1.));
#2322 = ADVANCED_FACE('',(#2323),#2329,.T.);
#2323 = FACE_BOUND('',#2324,.T.);
#2324 = EDGE_LOOP('',(#2325,#2326,#2327,#2328));
#2325 = ORIENTED_EDGE('',*,*,#1361,.T.);
#2326 = ORIENTED_EDGE('',*,*,#1414,.T.);
#2327 = ORIENTED_EDGE('',*,*,#1431,.T.);
#2328 = ORIENTED_EDGE('',*,*,#1385,.F.);
#2329 = PLANE('',#2330);
#2330 = AXIS2_PLACEMENT_3D('',#2331,#2332,#2333);
#2331 = CARTESIAN_POINT('',(5.,0.625,15.));
#2332 = DIRECTION('',(0.,1.,0.));
#2333 = DIRECTION('',(1.,0.,0.));
#2334 = ADVANCED_FACE('',(#2335,#2345),#2381,.T.);
#2335 = FACE_BOUND('',#2336,.T.);
#2336 = EDGE_LOOP('',(#2337,#2338,#2339,#2340,#2341,#2342,#2343,#2344));
#2337 = ORIENTED_EDGE('',*,*,#1455,.T.);
#2338 = ORIENTED_EDGE('',*,*,#1504,.T.);
#2339 = ORIENTED_EDGE('',*,*,#1553,.T.);
#2340 = ORIENTED_EDGE('',*,*,#1602,.T.);
#2341 = ORIENTED_EDGE('',*,*,#1627,.T.);
#2342 = ORIENTED_EDGE('',*,*,#1584,.T.);
#2343 = ORIENTED_EDGE('',*,*,#1536,.T.);
#2344 = ORIENTED_EDGE('',*,*,#1486,.T.);
#2345 = FACE_BOUND('',#2346,.T.);
#2346 = EDGE_LOOP('',(#2347,#2358,#2366,#2375));
#2347 = ORIENTED_EDGE('',*,*,#2348,.F.);
#2348 = EDGE_CURVE('',#2349,#2351,#2353,.T.);
#2349 = VERTEX_POINT('',#2350);
#2350 = CARTESIAN_POINT('',(3.28125,-0.125,21.75));
#2351 = VERTEX_POINT('',#2352);
#2352 = CARTESIAN_POINT('',(3.28125,-0.125,21.125));
#2353 = CIRCLE('',#2354,0.3125);
#2354 = AXIS2_PLACEMENT_3D('',#2355,#2356,#2357);
#2355 = CARTESIAN_POINT('',(3.28125,-0.125,21.4375));
#2356 = DIRECTION('',(0.,1.,-0.));
#2357 = DIRECTION('',(-1.,0.,0.));
#2358 = ORIENTED_EDGE('',*,*,#2359,.T.);
#2359 = EDGE_CURVE('',#2349,#2360,#2362,.T.);
#2360 = VERTEX_POINT('',#2361);
#2361 = CARTESIAN_POINT('',(-3.28125,-0.125,21.75));
#2362 = LINE('',#2363,#2364);
#2363 = CARTESIAN_POINT('',(3.28125,-0.125,21.75));
#2364 = VECTOR('',#2365,1.);
#2365 = DIRECTION('',(-1.,0.,0.));
#2366 = ORIENTED_EDGE('',*,*,#2367,.F.);
#2367 = EDGE_CURVE('',#2368,#2360,#2370,.T.);
#2368 = VERTEX_POINT('',#2369);
#2369 = CARTESIAN_POINT('',(-3.28125,-0.125,21.125));
#2370 = CIRCLE('',#2371,0.3125);
#2371 = AXIS2_PLACEMENT_3D('',#2372,#2373,#2374);
#2372 = CARTESIAN_POINT('',(-3.28125,-0.125,21.4375));
#2373 = DIRECTION('',(0.,1.,-0.));
#2374 = DIRECTION('',(-1.,0.,0.));
#2375 = ORIENTED_EDGE('',*,*,#2376,.F.);
#2376 = EDGE_CURVE('',#2351,#2368,#2377,.T.);
#2377 = LINE('',#2378,#2379);
#2378 = CARTESIAN_POINT('',(3.28125,-0.125,21.125));
#2379 = VECTOR('',#2380,1.);
#2380 = DIRECTION('',(-1.,0.,0.));
#2381 = PLANE('',#2382);
#2382 = AXIS2_PLACEMENT_3D('',#2383,#2384,#2385);
#2383 = CARTESIAN_POINT('',(1.75E-15,-0.125,20.9375));
#2384 = DIRECTION('',(0.,1.,0.));
#2385 = DIRECTION('',(0.,0.,1.));
#2386 = ADVANCED_FACE('',(#2387),#2398,.F.);
#2387 = FACE_BOUND('',#2388,.F.);
#2388 = EDGE_LOOP('',(#2389,#2390,#2396,#2397));
#2389 = ORIENTED_EDGE('',*,*,#1960,.F.);
#2390 = ORIENTED_EDGE('',*,*,#2391,.F.);
#2391 = EDGE_CURVE('',#1897,#1961,#2392,.T.);
#2392 = LINE('',#2393,#2394);
#2393 = CARTESIAN_POINT('',(-11.18461468645,-37.5,13.711154125418));
#2394 = VECTOR('',#2395,1.);
#2395 = DIRECTION('',(-0.,1.,-2.2E-16));
#2396 = ORIENTED_EDGE('',*,*,#1905,.T.);
#2397 = ORIENTED_EDGE('',*,*,#2213,.F.);
#2398 = PLANE('',#2399);
#2399 = AXIS2_PLACEMENT_3D('',#2400,#2401,#2402);
#2400 = CARTESIAN_POINT('',(-11.0875,-25.,13.75));
#2401 = DIRECTION('',(0.371390676354,4.1E-16,-0.928476690885));
#2402 = DIRECTION('',(-0.928476690885,1.6E-16,-0.371390676354));
#2403 = ADVANCED_FACE('',(#2404),#2415,.T.);
#2404 = FACE_BOUND('',#2405,.T.);
#2405 = EDGE_LOOP('',(#2406,#2407,#2408,#2414));
#2406 = ORIENTED_EDGE('',*,*,#2391,.F.);
#2407 = ORIENTED_EDGE('',*,*,#1896,.T.);
#2408 = ORIENTED_EDGE('',*,*,#2409,.T.);
#2409 = EDGE_CURVE('',#1889,#1969,#2410,.T.);
#2410 = LINE('',#2411,#2412);
#2411 = CARTESIAN_POINT('',(-10.59549012302,-37.5,16.281281403561));
#2412 = VECTOR('',#2413,1.);
#2413 = DIRECTION('',(-0.,1.,-2.2E-16));
#2414 = ORIENTED_EDGE('',*,*,#1968,.F.);
#2415 = CYLINDRICAL_SURFACE('',#2416,11.25);
#2416 = AXIS2_PLACEMENT_3D('',#2417,#2418,#2419);
#2417 = CARTESIAN_POINT('',(0.,-37.5,12.5));
#2418 = DIRECTION('',(-0.,1.,-2.2E-16));
#2419 = DIRECTION('',(-1.,0.,0.));
#2420 = ADVANCED_FACE('',(#2421),#2432,.F.);
#2421 = FACE_BOUND('',#2422,.F.);
#2422 = EDGE_LOOP('',(#2423,#2424,#2430,#2431));
#2423 = ORIENTED_EDGE('',*,*,#1977,.F.);
#2424 = ORIENTED_EDGE('',*,*,#2425,.T.);
#2425 = EDGE_CURVE('',#1978,#1881,#2426,.T.);
#2426 = LINE('',#2427,#2428);
#2427 = CARTESIAN_POINT('',(-10.93224613703,-25.,16.793515535));
#2428 = VECTOR('',#2429,1.);
#2429 = DIRECTION('',(-1.909088452117E-16,-1.,-3.964263018771E-16));
#2430 = ORIENTED_EDGE('',*,*,#1888,.T.);
#2431 = ORIENTED_EDGE('',*,*,#2409,.T.);
#2432 = PLANE('',#2433);
#2433 = AXIS2_PLACEMENT_3D('',#2434,#2435,#2436);
#2434 = CARTESIAN_POINT('',(-10.93224613703,-25.,16.793515535));
#2435 = DIRECTION('',(0.835596895183,-3.8E-16,0.549343088389));
#2436 = DIRECTION('',(0.549343088389,2.3E-16,-0.835596895183));
#2437 = ADVANCED_FACE('',(#2438),#2449,.F.);
#2438 = FACE_BOUND('',#2439,.F.);
#2439 = EDGE_LOOP('',(#2440,#2446,#2447,#2448));
#2440 = ORIENTED_EDGE('',*,*,#2441,.T.);
#2441 = EDGE_CURVE('',#1986,#1873,#2442,.T.);
#2442 = LINE('',#2443,#2444);
#2443 = CARTESIAN_POINT('',(-10.11871412619,-25.,18.482832162317));
#2444 = VECTOR('',#2445,1.);
#2445 = DIRECTION('',(-1.909088452117E-16,-1.,-3.964263018771E-16));
#2446 = ORIENTED_EDGE('',*,*,#1880,.T.);
#2447 = ORIENTED_EDGE('',*,*,#2425,.F.);
#2448 = ORIENTED_EDGE('',*,*,#1985,.F.);
#2449 = PLANE('',#2450);
#2450 = AXIS2_PLACEMENT_3D('',#2451,#2452,#2453);
#2451 = CARTESIAN_POINT('',(-10.11871412619,-25.,18.482832162317));
#2452 = DIRECTION('',(0.900968867902,0.,-0.433883739118));
#2453 = DIRECTION('',(-0.433883739118,4.4E-16,-0.900968867902));
#2454 = ADVANCED_FACE('',(#2455),#2466,.F.);
#2455 = FACE_BOUND('',#2456,.F.);
#2456 = EDGE_LOOP('',(#2457,#2458,#2464,#2465));
#2457 = ORIENTED_EDGE('',*,*,#1993,.F.);
#2458 = ORIENTED_EDGE('',*,*,#2459,.F.);
#2459 = EDGE_CURVE('',#1864,#1994,#2460,.T.);
#2460 = LINE('',#2461,#2462);
#2461 = CARTESIAN_POINT('',(-9.551489551397,-37.5,18.444034601982));
#2462 = VECTOR('',#2463,1.);
#2463 = DIRECTION('',(-0.,1.,-2.2E-16));
#2464 = ORIENTED_EDGE('',*,*,#1872,.T.);
#2465 = ORIENTED_EDGE('',*,*,#2441,.F.);
#2466 = PLANE('',#2467);
#2467 = AXIS2_PLACEMENT_3D('',#2468,#2469,#2470);
#2468 = CARTESIAN_POINT('',(-9.447137648971,-25.,18.436897042344));
#2469 = DIRECTION('',(-6.823950110052E-02,4.1E-16,-0.997668968391));
#2470 = DIRECTION('',(-0.997668968391,1.6E-16,6.823950110052E-02));
#2471 = ADVANCED_FACE('',(#2472),#2483,.T.);
#2472 = FACE_BOUND('',#2473,.T.);
#2473 = EDGE_LOOP('',(#2474,#2475,#2476,#2482));
#2474 = ORIENTED_EDGE('',*,*,#2459,.F.);
#2475 = ORIENTED_EDGE('',*,*,#1863,.T.);
#2476 = ORIENTED_EDGE('',*,*,#2477,.T.);
#2477 = EDGE_CURVE('',#1856,#2002,#2478,.T.);
#2478 = LINE('',#2479,#2480);
#2479 = CARTESIAN_POINT('',(-7.905570226979,-37.5,20.504027697747));
#2480 = VECTOR('',#2481,1.);
#2481 = DIRECTION('',(-0.,1.,-2.2E-16));
#2482 = ORIENTED_EDGE('',*,*,#2001,.F.);
#2483 = CYLINDRICAL_SURFACE('',#2484,11.25);
#2484 = AXIS2_PLACEMENT_3D('',#2485,#2486,#2487);
#2485 = CARTESIAN_POINT('',(0.,-37.5,12.5));
#2486 = DIRECTION('',(-0.,1.,-2.2E-16));
#2487 = DIRECTION('',(-1.,0.,0.));
#2488 = ADVANCED_FACE('',(#2489),#2500,.F.);
#2489 = FACE_BOUND('',#2490,.F.);
#2490 = EDGE_LOOP('',(#2491,#2492,#2498,#2499));
#2491 = ORIENTED_EDGE('',*,*,#2010,.F.);
#2492 = ORIENTED_EDGE('',*,*,#2493,.T.);
#2493 = EDGE_CURVE('',#2011,#1848,#2494,.T.);
#2494 = LINE('',#2495,#2496);
#2495 = CARTESIAN_POINT('',(-7.98672685143,-25.,21.11164766178));
#2496 = VECTOR('',#2497,1.);
#2497 = DIRECTION('',(-3.440058522859E-16,-1.,-2.743355128178E-16));
#2498 = ORIENTED_EDGE('',*,*,#1855,.T.);
#2499 = ORIENTED_EDGE('',*,*,#2477,.T.);
#2500 = PLANE('',#2501);
#2501 = AXIS2_PLACEMENT_3D('',#2502,#2503,#2504);
#2502 = CARTESIAN_POINT('',(-7.98672685143,-25.,21.11164766178));
#2503 = DIRECTION('',(0.991197821924,-3.8E-16,0.132389115158));
#2504 = DIRECTION('',(0.132389115158,2.3E-16,-0.991197821924));
#2505 = ADVANCED_FACE('',(#2506),#2517,.F.);
#2506 = FACE_BOUND('',#2507,.F.);
#2507 = EDGE_LOOP('',(#2508,#2514,#2515,#2516));
#2508 = ORIENTED_EDGE('',*,*,#2509,.T.);
#2509 = EDGE_CURVE('',#2019,#1840,#2510,.T.);
#2510 = LINE('',#2511,#2512);
#2511 = CARTESIAN_POINT('',(-6.520792821802,-25.,22.280691040266));
#2512 = VECTOR('',#2513,1.);
#2513 = DIRECTION('',(-3.440058522859E-16,-1.,-2.743355128178E-16));
#2514 = ORIENTED_EDGE('',*,*,#1847,.T.);
#2515 = ORIENTED_EDGE('',*,*,#2493,.F.);
#2516 = ORIENTED_EDGE('',*,*,#2018,.F.);
#2517 = PLANE('',#2518);
#2518 = AXIS2_PLACEMENT_3D('',#2519,#2520,#2521);
#2519 = CARTESIAN_POINT('',(-6.520792821802,-25.,22.280691040266));
#2520 = DIRECTION('',(0.623489801859,0.,-0.781831482468));
#2521 = DIRECTION('',(-0.781831482468,4.4E-16,-0.623489801859));
#2522 = ADVANCED_FACE('',(#2523),#2534,.F.);
#2523 = FACE_BOUND('',#2524,.F.);
#2524 = EDGE_LOOP('',(#2525,#2526,#2532,#2533));
#2525 = ORIENTED_EDGE('',*,*,#2026,.F.);
#2526 = ORIENTED_EDGE('',*,*,#2527,.F.);
#2527 = EDGE_CURVE('',#1831,#2027,#2528,.T.);
#2528 = LINE('',#2529,#2530);
#2529 = CARTESIAN_POINT('',(-6.026574769352,-37.5,21.999626126823));
#2530 = VECTOR('',#2531,1.);
#2531 = DIRECTION('',(-0.,1.,-2.2E-16));
#2532 = ORIENTED_EDGE('',*,*,#1839,.T.);
#2533 = ORIENTED_EDGE('',*,*,#2509,.F.);
#2534 = PLANE('',#2535);
#2535 = AXIS2_PLACEMENT_3D('',#2536,#2537,#2538);
#2536 = CARTESIAN_POINT('',(-5.935653825024,-25.,21.947918814188));
#2537 = DIRECTION('',(-0.49435400846,4.1E-16,-0.869260671099));
#2538 = DIRECTION('',(-0.869260671099,1.6E-16,0.49435400846));
#2539 = ADVANCED_FACE('',(#2540),#2551,.T.);
#2540 = FACE_BOUND('',#2541,.T.);
#2541 = EDGE_LOOP('',(#2542,#2543,#2544,#2550));
#2542 = ORIENTED_EDGE('',*,*,#2527,.F.);
#2543 = ORIENTED_EDGE('',*,*,#1830,.T.);
#2544 = ORIENTED_EDGE('',*,*,#2545,.T.);
#2545 = EDGE_CURVE('',#1823,#2035,#2546,.T.);
#2546 = LINE('',#2547,#2548);
#2547 = CARTESIAN_POINT('',(-3.649855192025,-37.5,23.141478143437));
#2548 = VECTOR('',#2549,1.);
#2549 = DIRECTION('',(-0.,1.,-2.2E-16));
#2550 = ORIENTED_EDGE('',*,*,#2034,.F.);
#2551 = CYLINDRICAL_SURFACE('',#2552,11.25);
#2552 = AXIS2_PLACEMENT_3D('',#2553,#2554,#2555);
#2553 = CARTESIAN_POINT('',(0.,-37.5,12.5));
#2554 = DIRECTION('',(-0.,1.,-2.2E-16));
#2555 = DIRECTION('',(-1.,0.,0.));
#2556 = ADVANCED_FACE('',(#2557),#2568,.F.);
#2557 = FACE_BOUND('',#2558,.F.);
#2558 = EDGE_LOOP('',(#2559,#2560,#2566,#2567));
#2559 = ORIENTED_EDGE('',*,*,#2043,.F.);
#2560 = ORIENTED_EDGE('',*,*,#2561,.T.);
#2561 = EDGE_CURVE('',#2044,#1815,#2562,.T.);
#2562 = LINE('',#2563,#2564);
#2563 = CARTESIAN_POINT('',(-3.459338362122,-25.,23.724137354218));
#2564 = VECTOR('',#2565,1.);
#2565 = DIRECTION('',(-4.2896828136E-16,-1.,-9.790921094078E-17));
#2566 = ORIENTED_EDGE('',*,*,#1822,.T.);
#2567 = ORIENTED_EDGE('',*,*,#2545,.T.);
#2568 = PLANE('',#2569);
#2569 = AXIS2_PLACEMENT_3D('',#2570,#2571,#2572);
#2570 = CARTESIAN_POINT('',(-3.459338362122,-25.,23.724137354218));
#2571 = DIRECTION('',(0.95047986379,-3.8E-16,-0.310786145975));
#2572 = DIRECTION('',(-0.310786145975,2.3E-16,-0.95047986379));
#2573 = ADVANCED_FACE('',(#2574),#2585,.F.);
#2574 = FACE_BOUND('',#2575,.F.);
#2575 = EDGE_LOOP('',(#2576,#2582,#2583,#2584));
#2576 = ORIENTED_EDGE('',*,*,#2577,.T.);
#2577 = EDGE_CURVE('',#2052,#1807,#2578,.T.);
#2578 = LINE('',#2579,#2580);
#2579 = CARTESIAN_POINT('',(-1.631348526782,-25.,24.141364105386));
#2580 = VECTOR('',#2581,1.);
#2581 = DIRECTION('',(-4.2896828136E-16,-1.,-9.790921094078E-17));
#2582 = ORIENTED_EDGE('',*,*,#1814,.T.);
#2583 = ORIENTED_EDGE('',*,*,#2561,.F.);
#2584 = ORIENTED_EDGE('',*,*,#2051,.F.);
#2585 = PLANE('',#2586);
#2586 = AXIS2_PLACEMENT_3D('',#2587,#2588,#2589);
#2587 = CARTESIAN_POINT('',(-1.631348526782,-25.,24.141364105386));
#2588 = DIRECTION('',(0.222520933956,0.,-0.974927912182));
#2589 = DIRECTION('',(-0.974927912182,4.4E-16,-0.222520933956));
#2590 = ADVANCED_FACE('',(#2591),#2602,.F.);
#2591 = FACE_BOUND('',#2592,.F.);
#2592 = EDGE_LOOP('',(#2593,#2594,#2600,#2601));
#2593 = ORIENTED_EDGE('',*,*,#2059,.F.);
#2594 = ORIENTED_EDGE('',*,*,#2595,.F.);
#2595 = EDGE_CURVE('',#1798,#2060,#2596,.T.);
#2596 = LINE('',#2597,#2598);
#2597 = CARTESIAN_POINT('',(-1.308022943148,-37.5,23.673700191978));
#2598 = VECTOR('',#2599,1.);
#2599 = DIRECTION('',(-0.,1.,-2.2E-16));
#2600 = ORIENTED_EDGE('',*,*,#1806,.T.);
#2601 = ORIENTED_EDGE('',*,*,#2577,.F.);
#2602 = PLANE('',#2603);
#2603 = AXIS2_PLACEMENT_3D('',#2604,#2605,#2606);
#2604 = CARTESIAN_POINT('',(-1.248540965013,-25.,23.587664393761));
#2605 = DIRECTION('',(-0.822555641589,4.1E-16,-0.568684637114));
#2606 = DIRECTION('',(-0.568684637114,1.6E-16,0.822555641589));
#2607 = ADVANCED_FACE('',(#2608),#2619,.T.);
#2608 = FACE_BOUND('',#2609,.T.);
#2609 = EDGE_LOOP('',(#2610,#2611,#2612,#2618));
#2610 = ORIENTED_EDGE('',*,*,#2595,.F.);
#2611 = ORIENTED_EDGE('',*,*,#1797,.T.);
#2612 = ORIENTED_EDGE('',*,*,#2613,.T.);
#2613 = EDGE_CURVE('',#1790,#2068,#2614,.T.);
#2614 = LINE('',#2615,#2616);
#2615 = CARTESIAN_POINT('',(1.328758426246,-37.5,23.671253333654));
#2616 = VECTOR('',#2617,1.);
#2617 = DIRECTION('',(-0.,1.,-2.2E-16));
#2618 = ORIENTED_EDGE('',*,*,#2067,.F.);
#2619 = CYLINDRICAL_SURFACE('',#2620,11.25);
#2620 = AXIS2_PLACEMENT_3D('',#2621,#2622,#2623);
#2621 = CARTESIAN_POINT('',(0.,-37.5,12.5));
#2622 = DIRECTION('',(-0.,1.,-2.2E-16));
#2623 = DIRECTION('',(-1.,0.,0.));
#2624 = ADVANCED_FACE('',(#2625),#2636,.F.);
#2625 = FACE_BOUND('',#2626,.F.);
#2626 = EDGE_LOOP('',(#2627,#2628,#2634,#2635));
#2627 = ORIENTED_EDGE('',*,*,#2076,.F.);
#2628 = ORIENTED_EDGE('',*,*,#2629,.T.);
#2629 = EDGE_CURVE('',#2077,#1782,#2630,.T.);
#2630 = LINE('',#2631,#2632);
#2631 = CARTESIAN_POINT('',(1.753214515804,-25.,24.113548988641));
#2632 = VECTOR('',#2633,1.);
#2633 = DIRECTION('',(-4.2896828136E-16,-1.,9.790921094078E-17));
#2634 = ORIENTED_EDGE('',*,*,#1789,.T.);
#2635 = ORIENTED_EDGE('',*,*,#2613,.T.);
#2636 = PLANE('',#2637);
#2637 = AXIS2_PLACEMENT_3D('',#2638,#2639,#2640);
#2638 = CARTESIAN_POINT('',(1.753214515804,-25.,24.113548988641));
#2639 = DIRECTION('',(0.721507711761,-3.8E-16,-0.692406399356));
#2640 = DIRECTION('',(-0.692406399356,2.3E-16,-0.721507711761));
#2641 = ADVANCED_FACE('',(#2642),#2653,.F.);
#2642 = FACE_BOUND('',#2643,.F.);
#2643 = EDGE_LOOP('',(#2644,#2650,#2651,#2652));
#2644 = ORIENTED_EDGE('',*,*,#2645,.T.);
#2645 = EDGE_CURVE('',#2085,#1774,#2646,.T.);
#2646 = LINE('',#2647,#2648);
#2647 = CARTESIAN_POINT('',(3.581204351145,-25.,23.696322237473));
#2648 = VECTOR('',#2649,1.);
#2649 = DIRECTION('',(-4.2896828136E-16,-1.,9.790921094078E-17));
#2650 = ORIENTED_EDGE('',*,*,#1781,.T.);
#2651 = ORIENTED_EDGE('',*,*,#2629,.F.);
#2652 = ORIENTED_EDGE('',*,*,#2084,.F.);
#2653 = PLANE('',#2654);
#2654 = AXIS2_PLACEMENT_3D('',#2655,#2656,#2657);
#2655 = CARTESIAN_POINT('',(3.581204351145,-25.,23.696322237473));
#2656 = DIRECTION('',(-0.222520933956,0.,-0.974927912182));
#2657 = DIRECTION('',(-0.974927912182,4.4E-16,0.222520933956));
#2658 = ADVANCED_FACE('',(#2659),#2670,.F.);
#2659 = FACE_BOUND('',#2660,.F.);
#2660 = EDGE_LOOP('',(#2661,#2662,#2668,#2669));
#2661 = ORIENTED_EDGE('',*,*,#2092,.F.);
#2662 = ORIENTED_EDGE('',*,*,#2663,.F.);
#2663 = EDGE_CURVE('',#1765,#2093,#2664,.T.);
#2664 = LINE('',#2665,#2666);
#2665 = CARTESIAN_POINT('',(3.669598868795,-37.5,23.134685897672));
#2666 = VECTOR('',#2667,1.);
#2667 = DIRECTION('',(-0.,1.,-2.2E-16));
#2668 = ORIENTED_EDGE('',*,*,#1773,.T.);
#2669 = ORIENTED_EDGE('',*,*,#2645,.F.);
#2670 = PLANE('',#2671);
#2671 = AXIS2_PLACEMENT_3D('',#2672,#2673,#2674);
#2672 = CARTESIAN_POINT('',(3.685860745468,-25.,23.031362058871));
#2673 = DIRECTION('',(-0.987840041919,4.1E-16,-0.155473636289));
#2674 = DIRECTION('',(-0.155473636289,1.6E-16,0.987840041919));
#2675 = ADVANCED_FACE('',(#2676),#2687,.T.);
#2676 = FACE_BOUND('',#2677,.T.);
#2677 = EDGE_LOOP('',(#2678,#2679,#2680,#2686));
#2678 = ORIENTED_EDGE('',*,*,#2663,.F.);
#2679 = ORIENTED_EDGE('',*,*,#1764,.T.);
#2680 = ORIENTED_EDGE('',*,*,#2681,.T.);
#2681 = EDGE_CURVE('',#1757,#2101,#2682,.T.);
#2682 = LINE('',#2683,#2684);
#2683 = CARTESIAN_POINT('',(6.044195142046,-37.5,21.98842479471));
#2684 = VECTOR('',#2685,1.);
#2685 = DIRECTION('',(-0.,1.,-2.2E-16));
#2686 = ORIENTED_EDGE('',*,*,#2100,.F.);
#2687 = CYLINDRICAL_SURFACE('',#2688,11.25);
#2688 = AXIS2_PLACEMENT_3D('',#2689,#2690,#2691);
#2689 = CARTESIAN_POINT('',(0.,-37.5,12.5));
#2690 = DIRECTION('',(-0.,1.,-2.2E-16));
#2691 = DIRECTION('',(-1.,0.,0.));
#2692 = ADVANCED_FACE('',(#2693),#2704,.F.);
#2693 = FACE_BOUND('',#2694,.F.);
#2694 = EDGE_LOOP('',(#2695,#2696,#2702,#2703));
#2695 = ORIENTED_EDGE('',*,*,#2109,.F.);
#2696 = ORIENTED_EDGE('',*,*,#2697,.T.);
#2697 = EDGE_CURVE('',#2110,#1749,#2698,.T.);
#2698 = LINE('',#2699,#2700);
#2699 = CARTESIAN_POINT('',(6.618521757111,-25.,22.202754815033));
#2700 = VECTOR('',#2701,1.);
#2701 = DIRECTION('',(-3.440058522859E-16,-1.,2.743355128178E-16));
#2702 = ORIENTED_EDGE('',*,*,#1756,.T.);
#2703 = ORIENTED_EDGE('',*,*,#2681,.T.);
#2704 = PLANE('',#2705);
#2705 = AXIS2_PLACEMENT_3D('',#2706,#2707,#2708);
#2706 = CARTESIAN_POINT('',(6.618521757111,-25.,22.202754815033));
#2707 = DIRECTION('',(0.349632108707,-3.8E-16,-0.936887073537));
#2708 = DIRECTION('',(-0.936887073537,2.3E-16,-0.349632108707));
#2709 = ADVANCED_FACE('',(#2710),#2721,.F.);
#2710 = FACE_BOUND('',#2711,.F.);
#2711 = EDGE_LOOP('',(#2712,#2718,#2719,#2720));
#2712 = ORIENTED_EDGE('',*,*,#2713,.T.);
#2713 = EDGE_CURVE('',#2118,#1741,#2714,.T.);
#2714 = LINE('',#2715,#2716);
#2715 = CARTESIAN_POINT('',(8.084455786738,-25.,21.033711436548));
#2716 = VECTOR('',#2717,1.);
#2717 = DIRECTION('',(-3.440058522859E-16,-1.,2.743355128178E-16));
#2718 = ORIENTED_EDGE('',*,*,#1748,.T.);
#2719 = ORIENTED_EDGE('',*,*,#2697,.F.);
#2720 = ORIENTED_EDGE('',*,*,#2117,.F.);
#2721 = PLANE('',#2722);
#2722 = AXIS2_PLACEMENT_3D('',#2723,#2724,#2725);
#2723 = CARTESIAN_POINT('',(8.084455786738,-25.,21.033711436548));
#2724 = DIRECTION('',(-0.623489801859,0.,-0.781831482468));
#2725 = DIRECTION('',(-0.781831482468,4.4E-16,0.623489801859));
#2726 = ADVANCED_FACE('',(#2727),#2738,.F.);
#2727 = FACE_BOUND('',#2728,.F.);
#2728 = EDGE_LOOP('',(#2729,#2730,#2736,#2737));
#2729 = ORIENTED_EDGE('',*,*,#2125,.F.);
#2730 = ORIENTED_EDGE('',*,*,#2731,.F.);
#2731 = EDGE_CURVE('',#1732,#2126,#2732,.T.);
#2732 = LINE('',#2733,#2734);
#2733 = CARTESIAN_POINT('',(7.920411620097,-37.5,20.489341635468));
#2734 = VECTOR('',#2735,1.);
#2735 = DIRECTION('',(-0.,1.,-2.2E-16));
#2736 = ORIENTED_EDGE('',*,*,#1740,.T.);
#2737 = ORIENTED_EDGE('',*,*,#2713,.F.);
#2738 = PLANE('',#2739);
#2739 = AXIS2_PLACEMENT_3D('',#2740,#2741,#2742);
#2740 = CARTESIAN_POINT('',(7.890232531194,-25.,20.389194309541));
#2741 = DIRECTION('',(-0.957470606884,4.1E-16,0.288530824962));
#2742 = DIRECTION('',(0.288530824962,1.6E-16,0.957470606884));
#2743 = ADVANCED_FACE('',(#2744),#2755,.T.);
#2744 = FACE_BOUND('',#2745,.T.);
#2745 = EDGE_LOOP('',(#2746,#2747,#2748,#2754));
#2746 = ORIENTED_EDGE('',*,*,#2731,.F.);
#2747 = ORIENTED_EDGE('',*,*,#1731,.T.);
#2748 = ORIENTED_EDGE('',*,*,#2749,.T.);
#2749 = EDGE_CURVE('',#1724,#2134,#2750,.T.);
#2750 = LINE('',#2751,#2752);
#2751 = CARTESIAN_POINT('',(9.562504882775,-37.5,18.42629735728));
#2752 = VECTOR('',#2753,1.);
#2753 = DIRECTION('',(-0.,1.,-2.2E-16));
#2754 = ORIENTED_EDGE('',*,*,#2133,.F.);
#2755 = CYLINDRICAL_SURFACE('',#2756,11.25);
#2756 = AXIS2_PLACEMENT_3D('',#2757,#2758,#2759);
#2757 = CARTESIAN_POINT('',(0.,-37.5,12.5));
#2758 = DIRECTION('',(-0.,1.,-2.2E-16));
#2759 = DIRECTION('',(-1.,0.,0.));
#2760 = ADVANCED_FACE('',(#2761),#2772,.F.);
#2761 = FACE_BOUND('',#2762,.F.);
#2762 = EDGE_LOOP('',(#2763,#2764,#2770,#2771));
#2763 = ORIENTED_EDGE('',*,*,#2142,.F.);
#2764 = ORIENTED_EDGE('',*,*,#2765,.T.);
#2765 = EDGE_CURVE('',#2143,#1716,#2766,.T.);
#2766 = LINE('',#2767,#2768);
#2767 = CARTESIAN_POINT('',(10.172949593579,-25.,18.370211053829));
#2768 = VECTOR('',#2769,1.);
#2769 = DIRECTION('',(-1.909088452117E-16,-1.,3.964263018771E-16));
#2770 = ORIENTED_EDGE('',*,*,#1723,.T.);
#2771 = ORIENTED_EDGE('',*,*,#2749,.T.);
#2772 = PLANE('',#2773);
#2773 = AXIS2_PLACEMENT_3D('',#2774,#2775,#2776);
#2774 = CARTESIAN_POINT('',(10.172949593579,-25.,18.370211053829));
#2775 = DIRECTION('',(-9.149242143313E-02,-3.8E-16,-0.995805772639));
#2776 = DIRECTION('',(-0.995805772639,2.3E-16,9.149242143313E-02));
#2777 = ADVANCED_FACE('',(#2778),#2789,.F.);
#2778 = FACE_BOUND('',#2779,.F.);
#2779 = EDGE_LOOP('',(#2780,#2786,#2787,#2788));
#2780 = ORIENTED_EDGE('',*,*,#2781,.T.);
#2781 = EDGE_CURVE('',#2151,#1708,#2782,.T.);
#2782 = LINE('',#2783,#2784);
#2783 = CARTESIAN_POINT('',(10.986481604425,-25.,16.680894426512));
#2784 = VECTOR('',#2785,1.);
#2785 = DIRECTION('',(-1.909088452117E-16,-1.,3.964263018771E-16));
#2786 = ORIENTED_EDGE('',*,*,#1715,.T.);
#2787 = ORIENTED_EDGE('',*,*,#2765,.F.);
#2788 = ORIENTED_EDGE('',*,*,#2150,.F.);
#2789 = PLANE('',#2790);
#2790 = AXIS2_PLACEMENT_3D('',#2791,#2792,#2793);
#2791 = CARTESIAN_POINT('',(10.986481604425,-25.,16.680894426512));
#2792 = DIRECTION('',(-0.900968867902,0.,-0.433883739118));
#2793 = DIRECTION('',(-0.433883739118,4.4E-16,0.900968867902));
#2794 = ADVANCED_FACE('',(#2795),#2806,.F.);
#2795 = FACE_BOUND('',#2796,.F.);
#2796 = EDGE_LOOP('',(#2797,#2798,#2804,#2805));
#2797 = ORIENTED_EDGE('',*,*,#2158,.F.);
#2798 = ORIENTED_EDGE('',*,*,#2799,.F.);
#2799 = EDGE_CURVE('',#1699,#2159,#2800,.T.);
#2800 = LINE('',#2801,#2802);
#2801 = CARTESIAN_POINT('',(10.602489712565,-37.5,16.261610279516));
#2802 = VECTOR('',#2803,1.);
#2803 = DIRECTION('',(-0.,1.,-2.2E-16));
#2804 = ORIENTED_EDGE('',*,*,#1707,.T.);
#2805 = ORIENTED_EDGE('',*,*,#2781,.F.);
#2806 = PLANE('',#2807);
#2807 = AXIS2_PLACEMENT_3D('',#2808,#2809,#2810);
#2808 = CARTESIAN_POINT('',(10.531846996765,-25.,16.184474872588));
#2809 = DIRECTION('',(-0.737462375549,4.1E-16,0.675388217731));
#2810 = DIRECTION('',(0.675388217731,1.6E-16,0.737462375549));
#2811 = ADVANCED_FACE('',(#2812),#2823,.T.);
#2812 = FACE_BOUND('',#2813,.T.);
#2813 = EDGE_LOOP('',(#2814,#2815,#2816,#2822));
#2814 = ORIENTED_EDGE('',*,*,#2799,.F.);
#2815 = ORIENTED_EDGE('',*,*,#1698,.T.);
#2816 = ORIENTED_EDGE('',*,*,#2817,.T.);
#2817 = EDGE_CURVE('',#1691,#2167,#2818,.T.);
#2818 = LINE('',#2819,#2820);
#2819 = CARTESIAN_POINT('',(11.186843255044,-37.5,13.690394046973));
#2820 = VECTOR('',#2821,1.);
#2821 = DIRECTION('',(-0.,1.,-2.2E-16));
#2822 = ORIENTED_EDGE('',*,*,#2166,.F.);
#2823 = CYLINDRICAL_SURFACE('',#2824,11.25);
#2824 = AXIS2_PLACEMENT_3D('',#2825,#2826,#2827);
#2825 = CARTESIAN_POINT('',(0.,-37.5,12.5));
#2826 = DIRECTION('',(-0.,1.,-2.2E-16));
#2827 = DIRECTION('',(-1.,0.,0.));
#2828 = ADVANCED_FACE('',(#2829),#2835,.F.);
#2829 = FACE_BOUND('',#2830,.F.);
#2830 = EDGE_LOOP('',(#2831,#2832,#2833,#2834));
#2831 = ORIENTED_EDGE('',*,*,#2175,.F.);
#2832 = ORIENTED_EDGE('',*,*,#1937,.T.);
#2833 = ORIENTED_EDGE('',*,*,#1690,.T.);
#2834 = ORIENTED_EDGE('',*,*,#2817,.T.);
#2835 = PLANE('',#2836);
#2836 = AXIS2_PLACEMENT_3D('',#2837,#2838,#2839);
#2837 = CARTESIAN_POINT('',(11.7125,-25.,13.375));
#2838 = DIRECTION('',(-0.514495755428,-3.8E-16,-0.857492925713));
#2839 = DIRECTION('',(-0.857492925713,2.3E-16,0.514495755428));
#2840 = ADVANCED_FACE('',(#2841),#2860,.F.);
#2841 = FACE_BOUND('',#2842,.F.);
#2842 = EDGE_LOOP('',(#2843,#2851,#2858,#2859));
#2843 = ORIENTED_EDGE('',*,*,#2844,.T.);
#2844 = EDGE_CURVE('',#2196,#2845,#2847,.T.);
#2845 = VERTEX_POINT('',#2846);
#2846 = CARTESIAN_POINT('',(11.5625,-63.75,12.5));
#2847 = LINE('',#2848,#2849);
#2848 = CARTESIAN_POINT('',(11.5625,-68.75,12.5));
#2849 = VECTOR('',#2850,1.);
#2850 = DIRECTION('',(0.,1.,-2.2E-16));
#2851 = ORIENTED_EDGE('',*,*,#2852,.T.);
#2852 = EDGE_CURVE('',#2845,#2845,#2853,.T.);
#2853 = CIRCLE('',#2854,11.5625);
#2854 = AXIS2_PLACEMENT_3D('',#2855,#2856,#2857);
#2855 = CARTESIAN_POINT('',(-1.625E-14,-63.75,12.5));
#2856 = DIRECTION('',(0.,-1.,0.));
#2857 = DIRECTION('',(1.,0.,0.));
#2858 = ORIENTED_EDGE('',*,*,#2844,.F.);
#2859 = ORIENTED_EDGE('',*,*,#2195,.F.);
#2860 = CYLINDRICAL_SURFACE('',#2861,11.5625);
#2861 = AXIS2_PLACEMENT_3D('',#2862,#2863,#2864);
#2862 = CARTESIAN_POINT('',(-1.67E-14,-68.75,12.5));
#2863 = DIRECTION('',(0.,-1.,2.2E-16));
#2864 = DIRECTION('',(1.,0.,0.));
#2865 = ADVANCED_FACE('',(#2866),#2891,.F.);
#2866 = FACE_BOUND('',#2867,.F.);
#2867 = EDGE_LOOP('',(#2868,#2876,#2884,#2890));
#2868 = ORIENTED_EDGE('',*,*,#2869,.T.);
#2869 = EDGE_CURVE('',#2287,#2870,#2872,.T.);
#2870 = VERTEX_POINT('',#2871);
#2871 = CARTESIAN_POINT('',(2.5,5.52335954751E-15,7.375));
#2872 = LINE('',#2873,#2874);
#2873 = CARTESIAN_POINT('',(2.5,-2.5,7.375));
#2874 = VECTOR('',#2875,1.);
#2875 = DIRECTION('',(0.,1.,-2.22044604925E-16));
#2876 = ORIENTED_EDGE('',*,*,#2877,.T.);
#2877 = EDGE_CURVE('',#2870,#2878,#2880,.T.);
#2878 = VERTEX_POINT('',#2879);
#2879 = CARTESIAN_POINT('',(-2.5,5.52335954751E-15,7.375));
#2880 = LINE('',#2881,#2882);
#2881 = CARTESIAN_POINT('',(2.5,5.52335954751E-15,7.375));
#2882 = VECTOR('',#2883,1.);
#2883 = DIRECTION('',(-1.,0.,0.));
#2884 = ORIENTED_EDGE('',*,*,#2885,.F.);
#2885 = EDGE_CURVE('',#2289,#2878,#2886,.T.);
#2886 = LINE('',#2887,#2888);
#2887 = CARTESIAN_POINT('',(-2.5,-2.5,7.375));
#2888 = VECTOR('',#2889,1.);
#2889 = DIRECTION('',(0.,1.,-2.22044604925E-16));
#2890 = ORIENTED_EDGE('',*,*,#2286,.F.);
#2891 = PLANE('',#2892);
#2892 = AXIS2_PLACEMENT_3D('',#2893,#2894,#2895);
#2893 = CARTESIAN_POINT('',(2.5,-2.5,7.375));
#2894 = DIRECTION('',(0.,2.22044604925E-16,1.));
#2895 = DIRECTION('',(-1.,0.,0.));
#2896 = ADVANCED_FACE('',(#2897),#2915,.F.);
#2897 = FACE_BOUND('',#2898,.F.);
#2898 = EDGE_LOOP('',(#2899,#2900,#2908,#2914));
#2899 = ORIENTED_EDGE('',*,*,#2885,.T.);
#2900 = ORIENTED_EDGE('',*,*,#2901,.T.);
#2901 = EDGE_CURVE('',#2878,#2902,#2904,.T.);
#2902 = VERTEX_POINT('',#2903);
#2903 = CARTESIAN_POINT('',(-2.5,5.578870698741E-15,7.625));
#2904 = LINE('',#2905,#2906);
#2905 = CARTESIAN_POINT('',(-2.5,5.52335954751E-15,7.375));
#2906 = VECTOR('',#2907,1.);
#2907 = DIRECTION('',(0.,2.22044604925E-16,1.));
#2908 = ORIENTED_EDGE('',*,*,#2909,.F.);
#2909 = EDGE_CURVE('',#2305,#2902,#2910,.T.);
#2910 = LINE('',#2911,#2912);
#2911 = CARTESIAN_POINT('',(-2.5,-2.5,7.625));
#2912 = VECTOR('',#2913,1.);
#2913 = DIRECTION('',(0.,1.,-2.22044604925E-16));
#2914 = ORIENTED_EDGE('',*,*,#2312,.F.);
#2915 = PLANE('',#2916);
#2916 = AXIS2_PLACEMENT_3D('',#2917,#2918,#2919);
#2917 = CARTESIAN_POINT('',(-2.5,-2.5,7.375));
#2918 = DIRECTION('',(1.,0.,0.));
#2919 = DIRECTION('',(0.,2.22044604925E-16,1.));
#2920 = ADVANCED_FACE('',(#2921),#2939,.F.);
#2921 = FACE_BOUND('',#2922,.F.);
#2922 = EDGE_LOOP('',(#2923,#2924,#2932,#2938));
#2923 = ORIENTED_EDGE('',*,*,#2909,.T.);
#2924 = ORIENTED_EDGE('',*,*,#2925,.T.);
#2925 = EDGE_CURVE('',#2902,#2926,#2928,.T.);
#2926 = VERTEX_POINT('',#2927);
#2927 = CARTESIAN_POINT('',(2.5,5.578870698741E-15,7.625));
#2928 = LINE('',#2929,#2930);
#2929 = CARTESIAN_POINT('',(-2.5,5.578870698741E-15,7.625));
#2930 = VECTOR('',#2931,1.);
#2931 = DIRECTION('',(1.,0.,0.));
#2932 = ORIENTED_EDGE('',*,*,#2933,.F.);
#2933 = EDGE_CURVE('',#2297,#2926,#2934,.T.);
#2934 = LINE('',#2935,#2936);
#2935 = CARTESIAN_POINT('',(2.5,-2.5,7.625));
#2936 = VECTOR('',#2937,1.);
#2937 = DIRECTION('',(0.,1.,-2.22044604925E-16));
#2938 = ORIENTED_EDGE('',*,*,#2304,.F.);
#2939 = PLANE('',#2940);
#2940 = AXIS2_PLACEMENT_3D('',#2941,#2942,#2943);
#2941 = CARTESIAN_POINT('',(-2.5,-2.5,7.625));
#2942 = DIRECTION('',(0.,-2.22044604925E-16,-1.));
#2943 = DIRECTION('',(1.,0.,0.));
#2944 = ADVANCED_FACE('',(#2945),#2956,.F.);
#2945 = FACE_BOUND('',#2946,.F.);
#2946 = EDGE_LOOP('',(#2947,#2948,#2954,#2955));
#2947 = ORIENTED_EDGE('',*,*,#2933,.T.);
#2948 = ORIENTED_EDGE('',*,*,#2949,.T.);
#2949 = EDGE_CURVE('',#2926,#2870,#2950,.T.);
#2950 = LINE('',#2951,#2952);
#2951 = CARTESIAN_POINT('',(2.5,5.578870698741E-15,7.625));
#2952 = VECTOR('',#2953,1.);
#2953 = DIRECTION('',(0.,-2.22044604925E-16,-1.));
#2954 = ORIENTED_EDGE('',*,*,#2869,.F.);
#2955 = ORIENTED_EDGE('',*,*,#2296,.F.);
#2956 = PLANE('',#2957);
#2957 = AXIS2_PLACEMENT_3D('',#2958,#2959,#2960);
#2958 = CARTESIAN_POINT('',(2.5,-2.5,7.625));
#2959 = DIRECTION('',(-1.,0.,0.));
#2960 = DIRECTION('',(0.,-2.22044604925E-16,-1.));
#2961 = ADVANCED_FACE('',(#2962),#2988,.T.);
#2962 = FACE_BOUND('',#2963,.F.);
#2963 = EDGE_LOOP('',(#2964,#2972,#2981,#2987));
#2964 = ORIENTED_EDGE('',*,*,#2965,.T.);
#2965 = EDGE_CURVE('',#2349,#2966,#2968,.T.);
#2966 = VERTEX_POINT('',#2967);
#2967 = CARTESIAN_POINT('',(3.28125,0.25,21.75));
#2968 = LINE('',#2969,#2970);
#2969 = CARTESIAN_POINT('',(3.28125,-0.125,21.75));
#2970 = VECTOR('',#2971,1.);
#2971 = DIRECTION('',(0.,1.,-2.2E-16));
#2972 = ORIENTED_EDGE('',*,*,#2973,.T.);
#2973 = EDGE_CURVE('',#2966,#2974,#2976,.T.);
#2974 = VERTEX_POINT('',#2975);
#2975 = CARTESIAN_POINT('',(3.28125,0.25,21.125));
#2976 = CIRCLE('',#2977,0.3125);
#2977 = AXIS2_PLACEMENT_3D('',#2978,#2979,#2980);
#2978 = CARTESIAN_POINT('',(3.28125,0.25,21.4375));
#2979 = DIRECTION('',(0.,1.,-0.));
#2980 = DIRECTION('',(-1.,0.,0.));
#2981 = ORIENTED_EDGE('',*,*,#2982,.F.);
#2982 = EDGE_CURVE('',#2351,#2974,#2983,.T.);
#2983 = LINE('',#2984,#2985);
#2984 = CARTESIAN_POINT('',(3.28125,-0.125,21.125));
#2985 = VECTOR('',#2986,1.);
#2986 = DIRECTION('',(0.,1.,-2.2E-16));
#2987 = ORIENTED_EDGE('',*,*,#2348,.F.);
#2988 = CYLINDRICAL_SURFACE('',#2989,0.3125);
#2989 = AXIS2_PLACEMENT_3D('',#2990,#2991,#2992);
#2990 = CARTESIAN_POINT('',(3.28125,-0.125,21.4375));
#2991 = DIRECTION('',(0.,-1.,2.2E-16));
#2992 = DIRECTION('',(-1.,0.,0.));
#2993 = ADVANCED_FACE('',(#2994),#3012,.F.);
#2994 = FACE_BOUND('',#2995,.F.);
#2995 = EDGE_LOOP('',(#2996,#2997,#3005,#3011));
#2996 = ORIENTED_EDGE('',*,*,#2982,.T.);
#2997 = ORIENTED_EDGE('',*,*,#2998,.T.);
#2998 = EDGE_CURVE('',#2974,#2999,#3001,.T.);
#2999 = VERTEX_POINT('',#3000);
#3000 = CARTESIAN_POINT('',(-3.28125,0.25,21.125));
#3001 = LINE('',#3002,#3003);
#3002 = CARTESIAN_POINT('',(3.28125,0.25,21.125));
#3003 = VECTOR('',#3004,1.);
#3004 = DIRECTION('',(-1.,0.,0.));
#3005 = ORIENTED_EDGE('',*,*,#3006,.F.);
#3006 = EDGE_CURVE('',#2368,#2999,#3007,.T.);
#3007 = LINE('',#3008,#3009);
#3008 = CARTESIAN_POINT('',(-3.28125,-0.125,21.125));
#3009 = VECTOR('',#3010,1.);
#3010 = DIRECTION('',(0.,1.,-2.2E-16));
#3011 = ORIENTED_EDGE('',*,*,#2376,.F.);
#3012 = PLANE('',#3013);
#3013 = AXIS2_PLACEMENT_3D('',#3014,#3015,#3016);
#3014 = CARTESIAN_POINT('',(3.28125,-0.125,21.125));
#3015 = DIRECTION('',(0.,2.2E-16,1.));
#3016 = DIRECTION('',(-1.,0.,0.));
#3017 = ADVANCED_FACE('',(#3018),#3037,.T.);
#3018 = FACE_BOUND('',#3019,.F.);
#3019 = EDGE_LOOP('',(#3020,#3021,#3030,#3036));
#3020 = ORIENTED_EDGE('',*,*,#3006,.T.);
#3021 = ORIENTED_EDGE('',*,*,#3022,.T.);
#3022 = EDGE_CURVE('',#2999,#3023,#3025,.T.);
#3023 = VERTEX_POINT('',#3024);
#3024 = CARTESIAN_POINT('',(-3.28125,0.25,21.75));
#3025 = CIRCLE('',#3026,0.3125);
#3026 = AXIS2_PLACEMENT_3D('',#3027,#3028,#3029);
#3027 = CARTESIAN_POINT('',(-3.28125,0.25,21.4375));
#3028 = DIRECTION('',(0.,1.,-0.));
#3029 = DIRECTION('',(-1.,0.,0.));
#3030 = ORIENTED_EDGE('',*,*,#3031,.F.);
#3031 = EDGE_CURVE('',#2360,#3023,#3032,.T.);
#3032 = LINE('',#3033,#3034);
#3033 = CARTESIAN_POINT('',(-3.28125,-0.125,21.75));
#3034 = VECTOR('',#3035,1.);
#3035 = DIRECTION('',(0.,1.,-2.2E-16));
#3036 = ORIENTED_EDGE('',*,*,#2367,.F.);
#3037 = CYLINDRICAL_SURFACE('',#3038,0.3125);
#3038 = AXIS2_PLACEMENT_3D('',#3039,#3040,#3041);
#3039 = CARTESIAN_POINT('',(-3.28125,-0.125,21.4375));
#3040 = DIRECTION('',(0.,-1.,2.2E-16));
#3041 = DIRECTION('',(-1.,0.,0.));
#3042 = ADVANCED_FACE('',(#3043),#3054,.T.);
#3043 = FACE_BOUND('',#3044,.T.);
#3044 = EDGE_LOOP('',(#3045,#3046,#3052,#3053));
#3045 = ORIENTED_EDGE('',*,*,#2965,.T.);
#3046 = ORIENTED_EDGE('',*,*,#3047,.T.);
#3047 = EDGE_CURVE('',#2966,#3023,#3048,.T.);
#3048 = LINE('',#3049,#3050);
#3049 = CARTESIAN_POINT('',(3.28125,0.25,21.75));
#3050 = VECTOR('',#3051,1.);
#3051 = DIRECTION('',(-1.,0.,0.));
#3052 = ORIENTED_EDGE('',*,*,#3031,.F.);
#3053 = ORIENTED_EDGE('',*,*,#2359,.F.);
#3054 = PLANE('',#3055);
#3055 = AXIS2_PLACEMENT_3D('',#3056,#3057,#3058);
#3056 = CARTESIAN_POINT('',(3.28125,-0.125,21.75));
#3057 = DIRECTION('',(0.,2.2E-16,1.));
#3058 = DIRECTION('',(-1.,0.,0.));
#3059 = ADVANCED_FACE('',(#3060,#3063),#3074,.F.);
#3060 = FACE_BOUND('',#3061,.F.);
#3061 = EDGE_LOOP('',(#3062));
#3062 = ORIENTED_EDGE('',*,*,#2852,.F.);
#3063 = FACE_BOUND('',#3064,.F.);
#3064 = EDGE_LOOP('',(#3065));
#3065 = ORIENTED_EDGE('',*,*,#3066,.T.);
#3066 = EDGE_CURVE('',#3067,#3067,#3069,.T.);
#3067 = VERTEX_POINT('',#3068);
#3068 = CARTESIAN_POINT('',(6.25,-63.75,12.5));
#3069 = CIRCLE('',#3070,6.25);
#3070 = AXIS2_PLACEMENT_3D('',#3071,#3072,#3073);
#3071 = CARTESIAN_POINT('',(-1.625E-14,-63.75,12.5));
#3072 = DIRECTION('',(0.,-1.,0.));
#3073 = DIRECTION('',(1.,0.,0.));
#3074 = PLANE('',#3075);
#3075 = AXIS2_PLACEMENT_3D('',#3076,#3077,#3078);
#3076 = CARTESIAN_POINT('',(-1.885E-14,-63.75,12.5));
#3077 = DIRECTION('',(2.6E-16,1.,-4.4E-16));
#3078 = DIRECTION('',(0.,4.4E-16,1.));
#3079 = ADVANCED_FACE('',(#3080),#3086,.T.);
#3080 = FACE_BOUND('',#3081,.T.);
#3081 = EDGE_LOOP('',(#3082,#3083,#3084,#3085));
#3082 = ORIENTED_EDGE('',*,*,#2877,.T.);
#3083 = ORIENTED_EDGE('',*,*,#2901,.T.);
#3084 = ORIENTED_EDGE('',*,*,#2925,.T.);
#3085 = ORIENTED_EDGE('',*,*,#2949,.T.);
#3086 = PLANE('',#3087);
#3087 = AXIS2_PLACEMENT_3D('',#3088,#3089,#3090);
#3088 = CARTESIAN_POINT('',(0.,5.329070518201E-15,7.5));
#3089 = DIRECTION('',(0.,1.,0.));
#3090 = DIRECTION('',(0.,0.,1.));
#3091 = ADVANCED_FACE('',(#3092),#3098,.T.);
#3092 = FACE_BOUND('',#3093,.T.);
#3093 = EDGE_LOOP('',(#3094,#3095,#3096,#3097));
#3094 = ORIENTED_EDGE('',*,*,#2973,.T.);
#3095 = ORIENTED_EDGE('',*,*,#2998,.T.);
#3096 = ORIENTED_EDGE('',*,*,#3022,.T.);
#3097 = ORIENTED_EDGE('',*,*,#3047,.F.);
#3098 = PLANE('',#3099);
#3099 = AXIS2_PLACEMENT_3D('',#3100,#3101,#3102);
#3100 = CARTESIAN_POINT('',(1.875E-16,0.25,21.4375));
#3101 = DIRECTION('',(0.,1.,-2.2E-16));
#3102 = DIRECTION('',(0.,2.2E-16,1.));
#3103 = ADVANCED_FACE('',(#3104),#3123,.F.);
#3104 = FACE_BOUND('',#3105,.F.);
#3105 = EDGE_LOOP('',(#3106,#3114,#3121,#3122));
#3106 = ORIENTED_EDGE('',*,*,#3107,.T.);
#3107 = EDGE_CURVE('',#3067,#3108,#3110,.T.);
#3108 = VERTEX_POINT('',#3109);
#3109 = CARTESIAN_POINT('',(6.25,-63.125,12.5));
#3110 = LINE('',#3111,#3112);
#3111 = CARTESIAN_POINT('',(6.25,-63.75,12.5));
#3112 = VECTOR('',#3113,1.);
#3113 = DIRECTION('',(0.,1.,-2.2E-16));
#3114 = ORIENTED_EDGE('',*,*,#3115,.T.);
#3115 = EDGE_CURVE('',#3108,#3108,#3116,.T.);
#3116 = CIRCLE('',#3117,6.25);
#3117 = AXIS2_PLACEMENT_3D('',#3118,#3119,#3120);
#3118 = CARTESIAN_POINT('',(-1.625E-14,-63.125,12.5));
#3119 = DIRECTION('',(0.,-1.,0.));
#3120 = DIRECTION('',(1.,0.,0.));
#3121 = ORIENTED_EDGE('',*,*,#3107,.F.);
#3122 = ORIENTED_EDGE('',*,*,#3066,.F.);
#3123 = CYLINDRICAL_SURFACE('',#3124,6.25);
#3124 = AXIS2_PLACEMENT_3D('',#3125,#3126,#3127);
#3125 = CARTESIAN_POINT('',(-1.6325E-14,-63.75,12.5));
#3126 = DIRECTION('',(0.,-1.,2.2E-16));
#3127 = DIRECTION('',(1.,0.,0.));
#3128 = ADVANCED_FACE('',(#3129),#3132,.F.);
#3129 = FACE_BOUND('',#3130,.T.);
#3130 = EDGE_LOOP('',(#3131));
#3131 = ORIENTED_EDGE('',*,*,#3115,.T.);
#3132 = PLANE('',#3133);
#3133 = AXIS2_PLACEMENT_3D('',#3134,#3135,#3136);
#3134 = CARTESIAN_POINT('',(-1.72625E-14,-63.125,12.5));
#3135 = DIRECTION('',(0.,1.,0.));
#3136 = DIRECTION('',(0.,0.,1.));
#3137 = ( GEOMETRIC_REPRESENTATION_CONTEXT(3) 
GLOBAL_UNCERTAINTY_ASSIGNED_CONTEXT((#3141)) 
GLOBAL_UNIT_ASSIGNED_CONTEXT((#3138,#3139,#3140)) REPRESENTATION_CONTEXT
('Context #1','3D Context with UNIT and UNCERTAINTY') );
#3138 = ( LENGTH_UNIT() NAMED_UNIT(*) SI_UNIT(.MILLI.,.METRE.) );
#3139 = ( NAMED_UNIT(*) PLANE_ANGLE_UNIT() SI_UNIT($,.RADIAN.) );
#3140 = ( NAMED_UNIT(*) SI_UNIT($,.STERADIAN.) SOLID_ANGLE_UNIT() );
#3141 = UNCERTAINTY_MEASURE_WITH_UNIT(LENGTH_MEASURE(1.E-06),#3138,
  'distance_accuracy_value','confusion accuracy');
#3142 = PRODUCT_RELATED_PRODUCT_CATEGORY('part',$,(#7));
#3143 = MECHANICAL_DESIGN_GEOMETRIC_PRESENTATION_REPRESENTATION('',(
    #3144),#3137);
#3144 = STYLED_ITEM('color',(#3145),#15);
#3145 = PRESENTATION_STYLE_ASSIGNMENT((#3146,#3152));
#3146 = SURFACE_STYLE_USAGE(.BOTH.,#3147);
#3147 = SURFACE_SIDE_STYLE('',(#3148));
#3148 = SURFACE_STYLE_FILL_AREA(#3149);
#3149 = FILL_AREA_STYLE('',(#3150));
#3150 = FILL_AREA_STYLE_COLOUR('',#3151);
#3151 = COLOUR_RGB('',0.447058818107,0.474509808674,0.501960817233);
#3152 = CURVE_STYLE('',#3153,POSITIVE_LENGTH_MEASURE(0.1),#3154);
#3153 = DRAUGHTING_PRE_DEFINED_CURVE_FONT('continuous');
#3154 = COLOUR_RGB('',9.803921802644E-02,9.803921802644E-02,
  9.803921802644E-02);
ENDSEC;
END-ISO-10303-21;
